Code,Date,Open,High,Low,Close,Volume
360,20260928,19.5,19.675,19.12,19.32,297979
10X,20260928,0.13,0.14,0.13,0.135,55140
14D,20260928,0.058,0.058,0.052,0.054,12058977
1AD,20260928,0.0035,0.0035,0.0035,0.0035,596875
1AE,20260928,0.056,0.056,0.056,0.056,127969
1AI,20260928,0.009,0.009,0.008,0.009,1608638
1CG,20260928,0.009,0.009,0.009,0.009,120054
1GOV,20260928,50.83,50.83,50.75,50.75,1351
1MC,20260928,0.027,0.028,0.027,0.027,55936
1TT,20260928,0.001,0.001,0.001,0.001,100000
28BB,20260928,24.81,24.81,24.81,24.81,2012
29BB,20260928,24.55,24.55,24.55,24.55,12400
29M,20260928,0.38,0.3875,0.365,0.365,2401273
30BB,20260928,24.27,24.27,24.27,24.27,500
31BB,20260928,24.9,24.9,24.9,24.9,400
3DA,20260928,0.175,0.175,0.155,0.155,1477495
3DP,20260928,0.026,0.027,0.026,0.026,463018
3PL,20260928,0.315,0.315,0.315,0.315,92376
49M,20260928,0.135,0.135,0.13,0.13,74567
4DS,20260928,0.007,0.008,0.007,0.008,3104182
4DX,20260928,4,4.02,3.85,3.99,2796538
5GG,20260928,0.016,0.016,0.016,0.016,814174
5GN,20260928,0.062,0.063,0.062,0.063,48
5GOV,20260928,50.48,50.49,50.44,50.44,3255
6KA,20260928,0.63,0.65,0.63,0.63,17759
88E,20260928,0.02,0.0205,0.02,0.02,2677548
8CO,20260928,0.038,0.038,0.038,0.038,33000
8IH,20260928,0.013,0.013,0.013,0.013,7692
A11,20260928,0.28,0.28,0.28,0.28,2229935
A1M,20260928,0.91,0.91,0.865,0.865,2826631
A1N,20260928,0.275,0.28,0.275,0.275,271860
A200,20260928,146.26,147,146.14,146.47,98971
A2M,20260928,6.66,6.89,6.62,6.71,2008506
A300,20260928,51.13,51.18,51.03,51.09,3415
A3D,20260928,0.05,0.05,0.049,0.05,419742
A4N,20260928,0.6,0.605,0.58,0.585,5853022
A8G,20260928,0.285,0.29,0.25,0.25,79842
AA2,20260928,0.265,0.265,0.265,0.265,11869
AAA,20260928,50.23,50.23,50.22,50.22,197392
AAC,20260928,1.29,1.31,1.29,1.29,175751
AAI,20260928,61.2,61.2,60.21,60.25,441450
AAJ,20260928,0.007,0.007,0.0065,0.007,6530003
AAL,20260928,0.225,0.225,0.225,0.225,27031
AAM,20260928,0.033,0.033,0.033,0.033,702941
AAP,20260928,0.057,0.057,0.056,0.056,12967
AAR,20260928,0.185,0.185,0.1775,0.185,1733414
AASF,20260928,3.72,3.73,3.71,3.71,76259
AAU,20260928,0.009,0.009,0.0085,0.009,1708018
ABB,20260928,4.2,4.245,4.16,4.16,1152182
ABE,20260928,0.029,0.029,0.029,0.029,54482
ABG,20260928,0.81,0.835,0.81,0.825,1569332
ABR,20260928,0.003,0.003,0.003,0.003,15866669
ABV,20260928,0.125,0.125,0.125,0.125,11880
ABX,20260928,0.028,0.029,0.027,0.028,2069814
ABY,20260928,0.29,0.29,0.285,0.285,9073
ACDC,20260928,119.56,120.89,119.01,119.01,5007
ACE,20260928,1.06,1.06,1.01,1.01,36629
ACF,20260928,0.91,0.925,0.91,0.92,799156
ACL,20260928,2.84,2.84,2.74,2.78,163760
ACM,20260928,0.024,0.024,0.021,0.021,567858
ACP,20260928,0.025,0.027,0.022,0.022,61018
ACQ,20260928,0.875,0.875,0.86,0.865,82094
ACR,20260928,0.009,0.0095,0.009,0.0095,105000
ACS,20260928,0.24,0.26,0.23,0.23,46776
ACU,20260928,0.098,0.098,0.098,0.098,10000
ACW,20260928,0.06,0.06,0.057,0.058,1616318
AD1,20260928,0.019,0.019,0.019,0.019,592
AD8,20260928,2.19,2.27,2.15,2.2,179729
ADC,20260928,0.05,0.05,0.05,0.05,20197
ADD,20260928,0.041,0.042,0.039,0.039,2028543
ADEF,20260928,6.11,6.11,6.11,6.11,9800
ADH,20260928,1.29,1.32,1.275,1.285,359363
ADN,20260928,0.007,0.007,0.006,0.007,1351636
ADO,20260928,0.017,0.017,0.016,0.016,2860832
ADR,20260928,0.082,0.082,0.082,0.082,300
ADS,20260928,0.001,0.001,0.001,0.001,903928
ADX,20260928,0.02,0.02,0.02,0.02,484736
ADY,20260928,0.006,0.006,0.006,0.006,30000
AEBD,20260928,48.85,48.87,48.77,48.78,2565
AEE,20260928,0.105,0.105,0.1,0.1,2138447
AEF,20260928,4.1,4.13,4.04,4.04,67784
AEG,20260928,0.074,0.075,0.069,0.072,730420
AEI,20260928,0.042,0.042,0.042,0.042,27631
AEL,20260928,1.8,1.8,1.7,1.72,979199
AEM,20260928,0.33,0.33,0.32,0.325,52898
AER,20260928,0.063,0.063,0.063,0.063,85410
AESG,20260928,95.06,95.06,94.89,94.89,5361
AEU,20260928,0.425,0.43,0.4,0.42,579569
AEV,20260928,0.0075,0.0075,0.007,0.007,10274170
AFA,20260928,0.048,0.048,0.048,0.048,41
AFG,20260928,1.31,1.31,1.28,1.295,910298
AFI,20260928,6.63,6.64,6.51,6.56,798525
AFL,20260928,0.14,0.14,0.14,0.14,100000
AFP,20260928,3.44,3.54,3.44,3.48,1132
AGC,20260928,0.14,0.14,0.1325,0.135,247280
AGD,20260928,0.16,0.16,0.145,0.145,501477
AGE,20260928,0.041,0.042,0.04,0.041,9931525
AGGG,20260928,97.96,97.96,97.96,97.96,1021
AGI,20260928,1.15,1.205,1.1325,1.1325,32023
AGL,20260928,8.01,8.15,7.97,8.12,2186180
AGN,20260928,0.15,0.15,0.14,0.14,5339
AGR,20260928,0.013,0.013,0.011,0.011,4137855
AGVT,20260928,39.72,39.72,39.62,39.63,32939
AGX1,20260928,6.34,6.34,6.31,6.31,63757
AGY,20260928,0.032,0.0325,0.031,0.031,2068230
AHC,20260928,0.25,0.25,0.25,0.25,14061
AHE,20260928,0.013,0.013,0.012,0.012,21277
AHF,20260928,0.016,0.016,0.016,0.016,106783
AHK,20260928,0.325,0.325,0.305,0.305,42707
AHL,20260928,1.4,1.45,1.4,1.435,27825
AHN,20260928,0.06,0.06,0.06,0.06,164
AI1,20260928,0.12,0.12,0.105,0.105,2817582
AIA,20260928,6.92,6.94,6.79,6.82,670602
AIH,20260928,0.42,0.45,0.41,0.44,279429
AIM,20260928,0.25,0.255,0.245,0.2475,69062
AINF,20260928,17.75,17.78,17.39,17.53,39858
AIQ,20260928,1.405,1.405,1.405,1.405,9
AIS,20260928,0.485,0.4875,0.465,0.47,7526121
AIV,20260928,0.025,0.025,0.025,0.025,24267
AIX,20260928,9.14,9.14,8.92,9.05,6810
AIZ,20260928,0.33,0.33,0.32,0.325,136231
AJL,20260928,0.0065,0.007,0.006,0.007,215149
AJX,20260928,0.006,0.006,0.006,0.006,10000
AKA,20260928,0.135,0.135,0.13,0.13,155007
AKG,20260928,0.075,0.075,0.07,0.07,92852
AKM,20260928,0.24,0.24,0.24,0.24,4200
AKN,20260928,0.016,0.016,0.016,0.016,5850096
AKO,20260928,0.08,0.082,0.08,0.082,101585
AL3,20260928,0.145,0.1475,0.145,0.145,294314
ALA,20260928,0.053,0.053,0.049,0.049,2750238
ALB,20260928,0.06,0.06,0.06,0.06,266600
ALC,20260928,0.105,0.105,0.1,0.105,562235
ALD,20260928,44.39,44.5,43.85,44.11,1076781
ALFA,20260928,22.77,22.86,22.77,22.86,4693
ALI,20260928,2.55,2.56,2.51,2.55,57749
ALK,20260928,1.88,1.925,1.8425,1.865,4129946
ALL,20260928,58.58,58.82,58.26,58.39,1058599
ALM,20260928,0.01,0.01,0.009,0.009,3043574
ALPH,20260928,11.36,11.36,11.36,11.36,2751
ALQ,20260928,20.6,20.88,20.325,20.6,1373845
ALR,20260928,0.046,0.046,0.04,0.04,10220336
ALTB,20260928,90.12,90.12,89.63,89.63,8815
ALU,20260928,0.48,0.48,0.445,0.46,177934
ALV,20260928,0.019,0.019,0.018,0.018,370000
ALX,20260928,3.88,3.93,3.77,3.78,3185282
ALY,20260928,0.008,0.008,0.008,0.008,195000
AM3,20260928,0.004,0.004,0.004,0.004,100614
AM5,20260928,0.0045,0.005,0.0045,0.005,2624508
AM7,20260928,0.063,0.063,0.063,0.063,79127
AMA,20260928,0.49,0.51,0.49,0.49,73338
AMC,20260928,60.31,60.67,60.23,60.61,384781
AMD,20260928,0.034,0.035,0.029,0.03,9648772
AMH,20260928,0.885,0.895,0.885,0.895,272247
AMI,20260928,0.525,0.525,0.49,0.495,7222736
AMK,20260928,0.24,0.24,0.23,0.23,98615
AMN,20260928,0.049,0.049,0.049,0.049,4875
AMO,20260928,0.075,0.075,0.075,0.075,25000
AMP,20260928,2.61,2.62,2.57,2.59,11539928
AMS,20260928,0.016,0.016,0.016,0.016,6579
AMU,20260928,0.064,0.064,0.061,0.062,234226
AMX,20260928,0.28,0.28,0.28,0.28,32795
AN1,20260928,0.006,0.006,0.006,0.006,375160
ANG,20260928,0.165,0.17,0.165,0.165,368227
ANN,20260928,44,44.46,43.87,44.2,390840
ANO,20260928,0.67,0.67,0.67,0.67,2319
ANR,20260928,0.009,0.009,0.009,0.009,245
ANX,20260928,0.04,0.041,0.035,0.035,1424691
ANZ,20260928,38.1,38.55,37.99,38.43,5106529
AOA,20260928,0.001,0.001,0.001,0.001,300000
AOK,20260928,0.003,0.003,0.003,0.003,3762500
AON,20260928,0.0675,0.068,0.067,0.068,14965
AOV,20260928,5.53,5.67,5.51,5.52,407183
APA,20260928,10.65,10.77,10.63,10.77,2035707
APC,20260928,0.009,0.009,0.009,0.009,162259
APE,20260928,18.49,18.79,18.22,18.22,453787
APL,20260928,0.3,0.3,0.3,0.3,2400
APW,20260928,3.9,3.9,3.9,3.9,1677
APX,20260928,1.155,1.18,1.135,1.14,1455482
APZ,20260928,4.39,4.46,4.36,4.43,506491
AQC,20260928,0.0065,0.0065,0.0065,0.0065,116275
AQD,20260928,0.043,0.044,0.043,0.044,124896
AQLT,20260928,34.35,34.64,34.35,34.53,36369
AQN,20260928,0.4,0.4,0.385,0.4,46161
AQTY,20260928,20.31,20.41,20.31,20.37,2047
AQX,20260928,0.007,0.007,0.006,0.006,489058
AQZ,20260928,0.53,0.53,0.495,0.505,1719496
AR1,20260928,0.082,0.082,0.0775,0.078,6121333
AR3,20260928,0.105,0.105,0.1,0.1,218806
AR9,20260928,0.084,0.084,0.072,0.072,787935
ARA,20260928,0.4725,0.475,0.4725,0.475,1500
ARB,20260928,17.78,18.27,17.68,17.72,290703
ARC,20260928,0.055,0.055,0.055,0.055,18
ARD,20260928,0.022,0.0225,0.022,0.022,1289448
ARF,20260928,2.11,2.135,2.1,2.12,1919955
ARG,20260928,9.17,9.19,9.03,9.13,524465
ARI,20260928,0.033,0.033,0.032,0.032,3666064
ARL,20260928,0.4,0.41,0.395,0.395,106616
ARMR,20260928,22.71,22.71,22.34,22.34,28175
ARN,20260928,0.24,0.24,0.225,0.235,528905
ARO,20260928,0.0035,0.0035,0.0035,0.0035,57600
ARR,20260928,0.39,0.395,0.36,0.365,270755
ART,20260928,0.2,0.2,0.195,0.2,86135
ARU,20260928,0.185,0.19,0.175,0.18,24396051
ARV,20260928,0.0035,0.0035,0.0035,0.0035,9495256
ARX,20260928,0.505,0.51,0.495,0.5,135951
AS1,20260928,0.125,0.125,0.115,0.12,1658422
AS2,20260928,0.0065,0.007,0.0065,0.007,218070
ASAO,20260928,1.44,1.44,1.43,1.43,8
ASB,20260928,4.42,4.5,4.22,4.28,1741306
ASG,20260928,1.205,1.225,1.185,1.19,197963
ASH,20260928,0.29,0.295,0.29,0.295,5026
ASIA,20260928,21.54,21.8,21.29,21.32,96324
ASL,20260928,1.94,1.94,1.81,1.85,1646305
ASN,20260928,0.046,0.046,0.043,0.043,246544
ASP,20260928,1.26,1.26,1.26,1.26,24
ASQ,20260928,0.017,0.017,0.017,0.017,34188
ASUS,20260928,18.91,18.91,18.91,18.91,3
ASV,20260928,0.044,0.045,0.044,0.045,207272
ASX,20260928,57.29,58.1,56.9,57.91,500852
AT1,20260928,0.018,0.018,0.018,0.018,1500402
AT4,20260928,0.064,0.065,0.057,0.057,9174546
ATA,20260928,0.42,0.42,0.39,0.42,10293
ATC,20260928,0.002,0.002,0.001,0.001,1203190
ATEC,20260928,20.55,20.63,20.18,20.18,74965
ATG,20260928,0.355,0.36,0.345,0.35,277417
ATH,20260928,0.44,0.44,0.395,0.4,492023
ATM,20260928,0.98,1.065,0.98,1.065,2784
ATOM,20260928,19.05,19.22,19.01,19.01,20347
ATP,20260928,0.085,0.085,0.083,0.085,20868
ATR,20260928,0.585,0.585,0.55,0.555,52333
ATS,20260928,0.033,0.033,0.032,0.032,1609830
ATT,20260928,0.004,0.004,0.004,0.004,300000
ATV,20260928,0.012,0.012,0.011,0.011,1816908
ATX,20260928,0.1225,0.125,0.1175,0.12,174236
AU1,20260928,0.027,0.027,0.025,0.027,276508
AUA,20260928,0.022,0.022,0.022,0.022,39814
AUB,20260928,26.56,27.14,26.31,26.91,687225
AUC,20260928,1.3,1.315,1.27,1.29,1254814
AUDS,20260928,6.49,6.52,6.49,6.51,558
AUE,20260928,0.55,0.555,0.495,0.495,1737228
AUG,20260928,0.04,0.04,0.04,0.04,1205
AUI,20260928,12.03,12.04,11.89,12.01,42684
AUMF,20260928,38.73,38.81,38.7,38.7,1092
AUQ,20260928,0.07,0.072,0.068,0.07,529640
AUR,20260928,0.016,0.016,0.015,0.015,758180
AUST,20260928,17.64,17.64,17.61,17.61,2
AUV,20260928,0.008,0.008,0.007,0.007,1820112
AUZ,20260928,0.032,0.033,0.03,0.03,13868927
AV1,20260928,0.063,0.063,0.063,0.063,160000
AVA,20260928,0.043,0.043,0.042,0.042,81601
AVD,20260928,0.085,0.085,0.085,0.085,2020
AVE,20260928,0.021,0.021,0.019,0.019,5161544
AVG,20260928,0.081,0.083,0.081,0.082,32788
AVH,20260928,3.32,3.34,3.29,3.31,221505
AVL,20260928,0.23,0.2325,0.215,0.22,350161
AVM,20260928,0.057,0.057,0.051,0.051,4124364
AVNG,20260928,11.62,11.62,11.59,11.59,6998
AVR,20260928,10.76,10.8,10.53,10.76,18625
AVSV,20260928,11.97,11.98,11.95,11.95,11178
AVTE,20260928,11.98,11.99,11.85,11.85,4727
AVW,20260928,0.006,0.006,0.006,0.006,1464515
AW1,20260928,0.034,0.035,0.033,0.033,1777661
AWJ,20260928,0.245,0.25,0.225,0.225,363103
AX1,20260928,0.68,0.68,0.665,0.67,515881
AX8,20260928,0.005,0.005,0.005,0.005,2500000
AXE,20260928,0.175,0.18,0.16,0.16,871760
AXI,20260928,0.01,0.01,0.01,0.01,26028
AXL,20260928,0.069,0.075,0.069,0.07,200370
AXN,20260928,0.031,0.031,0.027,0.03,29124
AXP,20260928,0.0055,0.0055,0.005,0.005,500000
AXQ,20260928,3.9,3.93,3.66,3.73,491585
AXR,20260928,0.165,0.165,0.15,0.15,74400
AYA,20260928,3.79,3.79,3.51,3.57,1445482
AYLD,20260928,10.3,10.33,10.27,10.27,23392
AYM,20260928,0.002,0.002,0.002,0.002,5840
AYT,20260928,0.0025,0.0025,0.0025,0.0025,99000
AZ9,20260928,0.014,0.014,0.014,0.014,10000
AZI,20260928,0.024,0.027,0.024,0.027,47743
AZJ,20260928,3.69,3.69,3.645,3.65,5507675
AZY,20260928,0.56,0.565,0.55,0.55,671391
B1SM,20260928,6.62,6.62,6.62,6.62,30000
B4P,20260928,1.69,1.72,1.6825,1.685,13108
BAK,20260928,0.24,0.24,0.225,0.235,7054
BANK,20260928,9.84,9.85,9.84,9.85,8088
BAOR,20260928,2.26,2.26,2.25,2.26,447545
BAP,20260928,0.84,0.86,0.7975,0.815,3800716
BAS,20260928,0.068,0.068,0.066,0.068,1323316
BB1,20260928,0.64,0.64,0.61,0.61,206636
BBAB,20260928,23.45,23.55,23.45,23.5,748
BBC,20260928,0.265,0.265,0.265,0.265,166
BBFD,20260928,23.09,23.09,23.05,23.08,1614
BBL,20260928,1.7,1.7,1.695,1.695,7165
BBN,20260928,1.07,1.075,1.035,1.045,188915
BBOZ,20260928,22.21,22.25,21.98,22.14,199589
BBT,20260928,0.17,0.17,0.17,0.17,160
BBUS,20260928,22.18,22.27,22.17,22.24,71236
BC8,20260928,0.99,1.005,0.9575,0.96,2531866
BCA,20260928,0.31,0.32,0.305,0.305,64191
BCC,20260928,0.039,0.04,0.039,0.039,496185
BCI,20260928,0.63,0.635,0.595,0.595,1226625
BCK,20260928,0.012,0.012,0.012,0.012,5057
BCM,20260928,0.069,0.071,0.061,0.061,6495835
BCN,20260928,3.23,3.23,2.93,2.95,76045
BCOM,20260928,13.5,13.5,13.15,13.2,18158
BDCI,20260928,19.53,19.53,19.53,19.53,158
BDM,20260928,0.016,0.017,0.014,0.017,2276046
BDX,20260928,0.085,0.085,0.085,0.085,1155
BEAR,20260928,7.53,7.54,7.51,7.54,16001
BEL,20260928,0.011,0.011,0.011,0.011,225000
BEMG,20260928,38.48,38.49,38,38.08,8106
BEN,20260928,10.3,10.43,10.28,10.38,965325
BEO,20260928,0.12,0.12,0.12,0.12,7250
BEST,20260928,12.8,12.8,12.8,12.8,1946
BET,20260928,0.21,0.215,0.21,0.215,796659
BEZ,20260928,0.068,0.07,0.066,0.066,25581
BFG,20260928,1.4525,1.455,1.41,1.41,118100
BFL,20260928,7.82,7.91,7.77,7.78,2494
BGA,20260928,5.85,6.05,5.85,6.04,333627
BGBL,20260928,86.54,86.69,86.24,86.4,229703
BGD,20260928,1.02,1.03,0.99,0.99,592668
BGE,20260928,0.009,0.009,0.009,0.009,198520
BGL,20260928,1.59,1.61,1.53,1.535,6191111
BGP,20260928,3.45,3.45,3.45,3.45,135
BGT,20260928,0.016,0.017,0.016,0.016,581819
BH6,20260928,0.16,0.16,0.15,0.15,557265
BHD,20260928,0.265,0.265,0.265,0.265,2104
BHL,20260928,0.18,0.18,0.18,0.18,3
BHM,20260928,0.69,0.69,0.655,0.66,1137108
BHP,20260928,60.9,60.96,59.76,59.8,8253848
BHYB,20260928,9.81,9.81,9.79,9.81,83609
BILL,20260928,100.69,100.71,100.69,100.71,25387
BIM,20260928,0.072,0.072,0.072,0.072,117139
BIO,20260928,0.405,0.405,0.39,0.405,267446
BIS,20260928,3.94,3.94,3.76,3.76,51332
BIT,20260928,0.002,0.002,0.002,0.002,1958
BKB,20260928,0.495,0.495,0.47,0.47,346619
BKI,20260928,1.78,1.78,1.75,1.76,430352
BKT,20260928,0.012,0.012,0.011,0.011,875042
BKY,20260928,0.5,0.5,0.5,0.5,41370
BLG,20260928,0.23,0.23,0.2,0.21,448568
BLS,20260928,0.995,1.02,0.945,1.015,817109
BLU,20260928,0.004,0.004,0.004,0.004,100000
BLX,20260928,1.84,1.84,1.715,1.8,92221
BLZ,20260928,0.001,0.001,0.001,0.001,1000000
BM1,20260928,0.79,0.79,0.755,0.755,522179
BM8,20260928,0.04,0.04,0.039,0.039,300874
BMC,20260928,2.94,2.99,2.89,2.94,74748
BMH,20260928,0.011,0.011,0.011,0.011,841031
BML,20260928,0.395,0.405,0.36,0.4,4611937
BMM,20260928,0.06,0.06,0.058,0.058,6244
BMN,20260928,3.66,3.665,3.53,3.54,1449087
BMR,20260928,0.13,0.13,0.13,0.13,37893
BMT,20260928,0.097,0.097,0.097,0.097,100000
BNDS,20260928,22.68,22.71,22.67,22.71,82319
BNKS,20260928,14.07,14.16,14.07,14.16,45938
BNL,20260928,0.004,0.004,0.0035,0.004,4119843
BNR,20260928,0.031,0.031,0.031,0.031,506000
BNZ,20260928,5.35,5.5,5.3,5.35,852359
BOA,20260928,0.115,0.16,0.115,0.14,13440065
BOC,20260928,0.165,0.165,0.16,0.16,43326
BOE,20260928,1.54,1.56,1.505,1.56,3564057
BOL,20260928,2.28,2.3,2.27,2.3,179761
BOND,20260928,24.89,24.94,24.88,24.88,1013
BOQ,20260928,6.56,6.65,6.53,6.62,1389859
BOT,20260928,0.019,0.019,0.018,0.018,1371271
BPG,20260928,0.2,0.2,0.195,0.2,32089
BPH,20260928,0.003,0.003,0.003,0.003,173778
BPM,20260928,0.22,0.22,0.205,0.205,332674
BPP,20260928,0.051,0.053,0.051,0.053,41127
BPT,20260928,0.835,0.845,0.8225,0.83,8707131
BRE,20260928,3.9,3.9,3.465,3.56,962230
BRG,20260928,29.75,30.06,29.61,29.92,244912
BRI,20260928,1.205,1.24,1.205,1.24,5081
BRK,20260928,0.41,0.41,0.4,0.4,39604
BRL,20260928,0.44,0.44,0.44,0.44,4571
BRN,20260928,0.13,0.14,0.13,0.13,1266963
BRU,20260928,0.014,0.014,0.0135,0.0135,1500783
BRY,20260928,0.01,0.01,0.01,0.01,573790
BSA,20260928,0.255,0.275,0.255,0.275,10508
BSL,20260928,30.2,30.36,30.01,30.36,1003567
BSN,20260928,0.03,0.03,0.03,0.03,80000
BSR,20260928,0.4,0.42,0.375,0.375,11250
BST,20260928,0.305,0.31,0.28,0.285,270968
BSUB,20260928,25.67,25.69,25.67,25.67,76667
BSX,20260928,0.041,0.041,0.036,0.037,536729
BTC,20260928,0.058,0.058,0.057,0.057,225440
BTE,20260928,0.075,0.075,0.068,0.069,491760
BTI,20260928,0.885,0.885,0.875,0.88,24636
BTL,20260928,0.27,0.28,0.265,0.265,2448937
BTM,20260928,0.11,0.12,0.11,0.11,447401
BTN,20260928,0.01,0.01,0.01,0.01,100000
BTR,20260928,0.605,0.625,0.575,0.605,23689070
BTXX,20260928,25.9,26.1,25.74,25.74,76
BUB,20260928,0.105,0.105,0.097,0.098,2950079
BUGG,20260928,15.25,15.25,14.69,14.93,54630
BUR,20260928,0.021,0.021,0.021,0.021,24999
BUS,20260928,0.073,0.078,0.073,0.078,184806
BUX,20260928,0.036,0.036,0.035,0.035,299710
BUY,20260928,0.012,0.013,0.011,0.011,10867389
BVR,20260928,0.395,0.405,0.365,0.365,1407108
BVS,20260928,3.02,3.14,3.02,3.09,677899
BWF,20260928,0.095,0.095,0.094,0.094,27466
BWN,20260928,0.295,0.31,0.29,0.31,389194
BWP,20260928,3.54,3.58,3.53,3.58,672455
BXB,20260928,18.65,18.99,18.54,18.82,4117667
C29,20260928,0.026,0.026,0.025,0.025,1114448
C79,20260928,6.45,6.54,6.32,6.4,158775
C7A,20260928,0.003,0.003,0.003,0.003,9801
CAA,20260928,11.3,11.78,11.3,11.68,53158
CAE,20260928,0.029,0.029,0.0285,0.029,111989
CAF,20260928,0.37,0.37,0.37,0.37,57618
CAM,20260928,0.67,0.67,0.66,0.66,449754
CAN,20260928,0.004,0.005,0.004,0.005,379758
CAQ,20260928,#FIELD!,#FIELD!,#FIELD!,#FIELD!,#FIELD!
CAR,20260928,21.48,21.66,21.21,21.39,1482946
CAT,20260928,3.12,3.15,3.06,3.15,1348316
CAV,20260928,0.084,0.084,0.084,0.084,446
CAY,20260928,0.0465,0.0465,0.044,0.044,778119
CAZ,20260928,0.022,0.022,0.02,0.021,873290
CBA,20260928,151.25,152.55,150.29,151.52,1735013
CBE,20260928,0.38,0.38,0.345,0.355,4467732
CBL,20260928,0.056,0.056,0.056,0.056,100000
CBO,20260928,2.75,2.83,2.73,2.78,1263577
CBY,20260928,0.044,0.044,0.044,0.044,157
CC5,20260928,0.017,0.017,0.017,0.017,1002099
CC9,20260928,0.046,0.046,0.044,0.044,458456
CCA,20260928,0.045,0.045,0.045,0.045,162500
CCE,20260928,0.205,0.205,0.185,0.185,69125
CCG,20260928,0.081,0.081,0.081,0.081,13
CCL,20260928,6.05,6.08,5.87,6.04,910947
CCM,20260928,0.026,0.026,0.026,0.026,2200
CCO,20260928,0.001,0.001,0.001,0.001,513410
CCP,20260928,14,14.25,14,14.13,160105
CCR,20260928,0.13,0.13,0.13,0.13,118723
CCV,20260928,0.275,0.275,0.27,0.27,1031992
CCX,20260928,0.042,0.044,0.037,0.039,1561445
CD1,20260928,0.265,0.265,0.265,0.265,23256
CD2,20260928,0.26,0.26,0.26,0.26,13500
CD3,20260928,0.775,0.775,0.76,0.76,32128
CDA,20260928,52.58,52.59,51.54,51.99,607340
CDE,20260928,0.004,0.004,0.004,0.004,271
CDM,20260928,0.82,0.83,0.805,0.805,876528
CDO,20260928,2.3,2.31,2.26,2.27,108261
CDP,20260928,5.47,5.48,5.4,5.48,16409
CDR,20260928,0.039,0.039,0.037,0.037,1876668
CDT,20260928,0.08,0.08,0.076,0.076,76946
CEH,20260928,0.465,0.48,0.4625,0.48,59557
CEL,20260928,1.99,1.995,1.825,1.825,113335
CEN,20260928,7.01,7.1,6.96,7.1,1957
CETF,20260928,59.78,59.84,58.62,58.62,800
CF1,20260928,0.02,0.022,0.02,0.022,1146291
CFLO,20260928,20.95,20.95,20.77,20.83,25632
CG1,20260928,0.0795,0.0795,0.078,0.078,109239
CGF,20260928,10.26,10.32,10.22,10.3,1386089
CGHE,20260928,1.495,1.495,1.495,1.495,19586
CGO,20260928,#FIELD!,#FIELD!,#FIELD!,#FIELD!,#FIELD!
CGR,20260928,0.058,0.058,0.058,0.058,12780
CGS,20260928,3.39,3.39,3.3,3.31,259372
CGUN,20260928,1.455,1.455,1.455,1.455,445
CHC,20260928,17.63,17.94,17.49,17.86,1235104
CHI,20260928,2.9,2.9,2.9,2.9,200
CHL,20260928,0.335,0.36,0.335,0.36,44165
CHM,20260928,0.005,0.005,0.004,0.004,780031
CHN,20260928,1.23,1.235,1.145,1.145,1758879
CHR,20260928,0.07,0.07,0.069,0.07,76104
CHRCB,20260928,0.02,0.02,0.02,0.02,98500
CHW,20260928,0.845,0.9,0.805,0.9,80817
CIA,20260928,3.12,3.15,3.06,3.06,1882422
CIEM,20260928,20.01,20.01,20.01,20.01,100
CIIH,20260928,1.425,1.425,1.425,1.425,42456
CIN,20260928,35,35.02,34.73,34.73,4368
CIP,20260928,2.76,2.8,2.76,2.8,1006289
CIVH,20260928,1.065,1.065,1.065,1.065,7547
CIW,20260928,0.29,0.29,0.28,0.28,40654
CKA,20260928,0.047,0.047,0.047,0.047,1988
CKF,20260928,7.65,7.79,7.64,7.74,166349
CLA,20260928,0.004,0.004,0.0035,0.0035,1195000
CLDD,20260928,16.02,16.02,15.65,15.71,34859
CLG,20260928,0.04,0.043,0.04,0.043,127730
CLNE,20260928,8.2,8.34,8.14,8.14,2584
CLU,20260928,0.01,0.01,0.01,0.01,77667
CLV,20260928,1.11,1.11,1,1,228372
CLW,20260928,3.27,3.34,3.26,3.31,1603006
CLX,20260928,2.9,2.9,2.75,2.76,36484
CLZ,20260928,#FIELD!,#FIELD!,#FIELD!,#FIELD!,#FIELD!
CMA,20260928,0.745,0.805,0.74,0.74,58039
CMB,20260928,0.5,0.5,0.5,0.5,375
CMD,20260928,0.019,0.019,0.017,0.019,240361
CMG,20260928,0.063,0.063,0.058,0.059,50167
CML,20260928,0.38,0.395,0.365,0.395,69495
CMM,20260928,15.47,15.58,14.81,14.81,1469065
CMO,20260928,0.0055,0.006,0.0055,0.006,241431
CMP,20260928,0.24,0.24,0.24,0.24,11398
CMW,20260928,0.35,0.35,0.34,0.345,2495520
CMX,20260928,0.027,0.027,0.026,0.026,50000
CNB,20260928,0.92,0.93,0.89,0.89,773599
CND,20260928,0.02,0.02,0.02,0.02,814124
CNEW,20260928,7.98,7.98,7.73,7.73,47158
CNI,20260928,1.205,1.235,1.205,1.235,2018625
CNJ,20260928,0.009,0.009,0.009,0.009,1224928
CNQ,20260928,0.68,0.7,0.67,0.69,18948
CNU,20260928,6.84,6.85,6.69,6.75,648519
COB,20260928,0.067,0.067,0.0635,0.064,1203569
COD,20260928,0.11,0.11,0.105,0.105,422140
COF,20260928,0.84,0.855,0.835,0.845,1035873
COG,20260928,1.72,1.765,1.71,1.75,180326
COH,20260928,142.63,145.96,142.45,145.13,324044
COI,20260928,0.083,0.083,0.078,0.078,1267782
COL,20260928,23.1,23.38,22.97,23.38,2534726
COMP,20260928,49.12,49.14,49.12,49.14,100
CORE,20260928,11.99,11.99,11.94,11.94,3750
COS,20260928,0.185,0.185,0.185,0.185,7038
COV,20260928,0.295,0.295,0.28,0.29,91791
COY,20260928,0.004,0.004,0.004,0.004,31594
CP8,20260928,0.155,0.155,0.155,0.155,21
CPM,20260928,0.097,0.097,0.088,0.095,151443
CPN,20260928,0.125,0.125,0.125,0.125,512952
CPO,20260928,0.019,0.019,0.016,0.017,2582411
CPPR,20260928,11.06,11.09,10.89,10.91,30279
CPU,20260928,40.37,40.71,40.27,40.53,1419266
CPV,20260928,0.075,0.075,0.067,0.068,289049
CQE,20260928,2.29,2.35,2.29,2.3,626759
CQR,20260928,3.55,3.57,3.53,3.57,2611106
CQT,20260928,0.016,0.017,0.014,0.015,3701231
CR1,20260928,0.135,0.135,0.135,0.135,9256
CR3,20260928,0.007,0.007,0.007,0.007,107500
CRB,20260928,0.009,0.009,0.009,0.009,500000
CRD,20260928,0.625,0.625,0.62,0.62,204191
CRED,20260928,22.16,22.16,22.12,22.13,87729
CRI,20260928,0.022,0.024,0.021,0.024,4832561
CRN,20260928,0.195,0.195,0.18,0.18,2575252
CRR,20260928,0.009,0.009,0.008,0.008,4319267
CRS,20260928,0.073,0.073,0.068,0.07,1133666
CRYP,20260928,8.73,8.73,8.44,8.45,150097
CSC,20260928,14.48,14.53,14.05,14.11,602712
CSL,20260928,177,181.91,175.38,181.91,1063237
CST,20260928,0.075,0.075,0.075,0.075,13500
CSX,20260928,0.43,0.44,0.43,0.44,11330
CT1,20260928,0.002,0.003,0.002,0.003,2801745
CTD,20260928,2.38,2.45,2.33,2.33,729385
CTE,20260928,1.24,1.24,1.15,1.15,10117
CTM,20260928,0.465,0.465,0.44,0.44,1090483
CTN,20260928,0.061,0.061,0.061,0.061,6976
CTO,20260928,0.016,0.016,0.016,0.016,611819
CTP,20260928,0.0625,0.063,0.062,0.062,80966
CTQ,20260928,0.015,0.015,0.015,0.015,2887864
CTS,20260928,0.955,1,0.905,0.905,85176
CTT,20260928,0.19,0.195,0.18,0.18,4312784
CU6,20260928,2.09,2.12,2.01,2.03,2024039
CUE,20260928,0.1125,0.1125,0.11,0.11,554
CUF,20260928,0.051,0.051,0.051,0.051,266460
CUIV,20260928,1.24,1.24,1.24,1.24,23264
CUL,20260928,0.005,0.006,0.005,0.006,250783
CUP,20260928,1.45,1.45,1.38,1.38,71438
CURE,20260928,75.79,75.79,73.95,73.95,2154
CUV,20260928,8.01,8.18,7.95,8.17,91901
CVB,20260928,0.024,0.025,0.023,0.023,1513704
CVC,20260928,1.565,1.565,1.55,1.55,44
CVL,20260928,1.725,1.725,1.69,1.69,117002
CVN,20260928,0.1,0.105,0.1,0.1,1332451
CVR,20260928,0.23,0.23,0.23,0.23,24250
CVV,20260928,0.25,0.25,0.235,0.235,317185
CWP,20260928,6.43,6.5,6.39,6.45,165938
CWY,20260928,2.62,2.64,2.58,2.58,9365120
CXL,20260928,0.24,0.25,0.225,0.23,446331
CXO,20260928,0.34,0.34,0.31,0.315,32148109
CXU,20260928,0.089,0.09,0.076,0.078,13933915
CXZ,20260928,0.022,0.022,0.022,0.022,1225644
CY5,20260928,0.175,0.1775,0.165,0.165,6848187
CYB,20260928,0.054,0.054,0.054,0.054,3220
CYC,20260928,0.46,0.46,0.45,0.45,57552
CYG,20260928,0.47,0.47,0.47,0.47,2
CYL,20260928,5.82,5.93,5.63,5.66,1791965
CYM,20260928,0.46,0.48,0.4475,0.45,507174
CYP,20260928,0.011,0.011,0.011,0.011,669556
CYQ,20260928,0.005,0.005,0.0045,0.0045,2582
CYV,20260928,0.009,0.009,0.009,0.009,3227736
CZN,20260928,0.11,0.11,0.11,0.11,271
CZR,20260928,0.195,0.195,0.19,0.19,96388
D3E,20260928,0.25,0.26,0.25,0.25,21191
DACE,20260928,18.74,18.76,18.7,18.7,21285
DAF,20260928,0.014,0.014,0.013,0.013,38573
DAI,20260928,0.28,0.28,0.27,0.27,440634
DAL,20260928,0.071,0.073,0.071,0.071,151601
DAOR,20260928,1.865,1.88,1.865,1.87,33318
DAVA,20260928,31.62,31.65,31.62,31.63,1515
DBBF,20260928,25.64,25.65,25.64,25.65,25
DBF,20260928,0.345,0.345,0.345,0.345,71032
DBI,20260928,5.44,5.45,5.37,5.42,1219220
DBO,20260928,0.016,0.017,0.016,0.016,1508936
DCC,20260928,0.031,0.032,0.028,0.028,6768382
DCOR,20260928,51.88,51.93,51.88,51.93,4970
DCRD,20260928,25.04,25.04,25.04,25.04,20
DDR,20260928,14.9,15.02,14.84,14.97,292507
DDT,20260928,0.004,0.004,0.004,0.004,500000
DEL,20260928,0.095,0.096,0.088,0.088,121692
DEM,20260928,0.11,0.115,0.11,0.115,6105
DES,20260928,0.12,0.12,0.115,0.115,129042
DEV,20260928,0.195,0.195,0.175,0.18,1101986
DFGH,20260928,43.94,43.96,43.86,43.9,5232
DFND,20260928,32.5,32.87,32.5,32.56,15217
DGCE,20260928,32.19,32.28,32.15,32.19,7225
DGGF,20260928,28.13,28.13,27.93,27.93,2397
DGH,20260928,0.74,0.74,0.74,0.74,2684
DGL,20260928,0.285,0.285,0.275,0.28,103392
DGR,20260928,0.029,0.029,0.028,0.029,920497
DGSM,20260928,38.29,38.29,38.15,38.15,132
DGT,20260928,2.45,2.49,2.42,2.47,1187711
DGVA,20260928,30.8,30.82,30.77,30.77,10736
DHHF,20260928,41.67,41.82,41.62,41.69,69630
DIFF,20260928,10.15,10.15,10.14,10.15,24839
DIVI,20260928,11.34,11.34,11.29,11.33,3924
DJRE,20260928,21.16,21.22,21.14,21.21,88292
DJW,20260928,2.98,2.98,2.9,2.91,136391
DKM,20260928,0.105,0.105,0.105,0.105,2500
DLI,20260928,0.16,0.165,0.16,0.16,148005
DLY,20260928,0.13,0.13,0.12,0.12,180706
DM1,20260928,0.0065,0.0065,0.0065,0.0065,50000
DME,20260928,0.05,0.05,0.05,0.05,491
DMP,20260928,19.01,19.51,19.005,19.51,278961
DN1,20260928,98.6,98.6,98.26,98.3,2720
DNL,20260928,3.88,3.96,3.875,3.92,8662768
DOC,20260928,0.11,0.11,0.105,0.11,5265
DOW,20260928,6.65,6.71,6.65,6.66,3611840
DPM,20260928,63.62,63.62,61.78,61.96,17528
DRE,20260928,0.013,0.013,0.012,0.012,6069912
DRGN,20260928,11.44,11.44,10.81,10.88,53581
DRIV,20260928,10.39,10.39,10.3,10.3,2578
DRO,20260928,1.605,1.61,1.54,1.575,8548762
DRR,20260928,4.05,4.09,4.02,4.03,2850810
DRUG,20260928,8.94,9,8.94,8.99,43602
DRX,20260928,0.015,0.015,0.015,0.015,5596
DSK,20260928,0.715,0.72,0.715,0.715,2818
DSM,20260928,0.69,0.7,0.68,0.7,41330
DTEC,20260928,15.29,15.29,15.18,15.19,4112
DTL,20260928,11.1,11.12,10.9,11.01,232523
DTM,20260928,0.011,0.011,0.011,0.011,600000
DTR,20260928,0.075,0.097,0.071,0.093,136643728
DTZ,20260928,0.024,0.024,0.021,0.021,35926
DUB,20260928,0.009,0.009,0.009,0.009,1715774
DUG,20260928,1.63,1.63,1.58,1.6,222589
DUN,20260928,0.047,0.047,0.047,0.047,6026
DUR,20260928,2.37,2.39,2.35,2.37,186918
DVBA,20260928,24.86,24.86,24.86,24.86,1650
DVGR,20260928,24.87,24.87,24.87,24.87,2756
DVHG,20260928,24.88,24.89,24.88,24.89,4
DVL,20260928,0.025,0.026,0.025,0.026,110000
DVP,20260928,5.29,5.37,5,5.01,843334
DWG,20260928,0.145,0.145,0.145,0.145,689
DXB,20260928,0.235,0.235,0.225,0.235,686422
DXC,20260928,2.66,2.68,2.65,2.65,317406
DXI,20260928,2.31,2.33,2.3,2.32,551932
DXN,20260928,0.47,0.47,0.405,0.42,4364200
DXS,20260928,5.42,5.48,5.4,5.48,2332451
DYL,20260928,1.24,1.245,1.2,1.2,5273701
DYM,20260928,0.6,0.6,0.6,0.6,6223
DZZF,20260928,30.51,30.6,30.47,30.56,28895
E200,20260928,26.64,26.64,26.48,26.55,60
E25,20260928,0.23,0.23,0.23,0.23,38681
E79,20260928,0.027,0.027,0.027,0.027,150000
EAFZ,20260928,8.5,8.5,8.49,8.49,6
EARN,20260928,20.03,20.03,20.01,20.01,2
EAU,20260928,0.145,0.15,0.13,0.15,256034
EAX,20260928,0.405,0.405,0.4,0.4,100000
EBND,20260928,10.4,10.44,10.37,10.37,49148
EBO,20260928,15.74,15.74,15.44,15.55,71984
EBR,20260928,0.25,0.255,0.24,0.24,878100
ECH,20260928,0.36,0.36,0.35,0.36,7001
ECL,20260928,0.945,0.955,0.945,0.95,45230
ECP,20260928,0.675,0.675,0.61,0.61,10647
ECRD,20260928,24.74,24.75,24.69,24.74,7574
ECS,20260928,0.005,0.005,0.005,0.005,1867250
ECT,20260928,0.11,0.115,0.11,0.115,761156
EDE,20260928,0.058,0.059,0.056,0.057,264283
EDU,20260928,1.07,1.07,1.045,1.065,77934
EDV,20260928,2.98,3.025,2.97,3.02,2879787
EE1,20260928,0.005,0.005,0.004,0.005,6018273
EF2,20260928,16.04,16.05,15.89,16.02,2284
EFE,20260928,0.028,0.028,0.027,0.028,220250
EFR,20260928,0.006,0.006,0.006,0.006,50900
EG1,20260928,0.022,0.0225,0.022,0.0225,155000
EGA,20260928,0.18,0.18,0.17,0.17,43417
EGG,20260928,0.255,0.255,0.255,0.255,41360
EGH,20260928,0.635,0.64,0.61,0.62,97707
EGL,20260928,0.073,0.073,0.071,0.072,280043
EGR,20260928,0.29,0.29,0.27,0.285,44753
EGY,20260928,0.021,0.021,0.02,0.02,149980
EHL,20260928,1.19,1.22,1.18,1.195,1281030
EIGA,20260928,3.71,3.73,3.7,3.71,76
EIQ,20260928,0.585,0.59,0.54,0.54,6998875
EL8,20260928,0.235,0.24,0.225,0.225,948797
ELD,20260928,6.32,6.38,6.29,6.38,513065
ELK,20260928,0.17,0.17,0.165,0.165,101733
ELS,20260928,4.72,4.74,4.48,4.69,1743444
ELT,20260928,0.45,0.45,0.425,0.445,498625
ELV,20260928,5.98,6,5.79,5.8,1700809
EM2,20260928,0.007,0.008,0.007,0.007,434349
EM3,20260928,0.11,0.115,0.105,0.11,13198
EMA,20260928,0.037,0.042,0.037,0.042,12002
EMB,20260928,8.5,8.5,8.5,8.5,75
EMC,20260928,0.11,0.11,0.11,0.11,6401
EMD,20260928,0.05,0.05,0.046,0.047,3342884
EME,20260928,0.08,0.08,0.08,0.08,9689
EMH,20260928,0.23,0.23,0.215,0.215,101548
EMKT,20260928,36.52,36.52,36.07,36.15,43321
EML,20260928,0.23,0.235,0.22,0.225,2098413
EMN,20260928,0.08,0.08,0.08,0.08,937
EMP,20260928,0.115,0.115,0.11,0.1125,266741
EMR,20260928,6.96,6.97,6.8,6.8,1553379
EMT,20260928,0.043,0.043,0.043,0.043,20000
EMU,20260928,0.022,0.022,0.022,0.022,19798
EMUCA,20260928,#FIELD!,#FIELD!,#FIELD!,#FIELD!,#FIELD!
EMV,20260928,1.75,1.75,1.68,1.7,21348
EMXC,20260928,43.44,43.46,42.33,42.33,14210
ENLDB,20260928,0.042,0.042,0.039,0.04,693109
ENP,20260928,0.041,0.042,0.04,0.04,934862
ENR,20260928,0.29,0.3,0.2775,0.295,231826
ENT,20260928,0.003,0.003,0.003,0.003,970476
ENV,20260928,0.002,0.002,0.002,0.002,1375000
EOL,20260928,14.5,15,14.5,14.9,12174
EOS,20260928,11.16,11.19,10.4,10.58,2697673
EPI,20260928,0.29,0.295,0.27,0.275,52523
EPM,20260928,0.014,0.015,0.014,0.014,158165
EPN,20260928,0.028,0.029,0.028,0.029,2400
EPX,20260928,0.18,0.18,0.18,0.18,1207
EPY,20260928,0.135,0.135,0.135,0.135,5000
EQIN,20260928,3.87,3.87,3.87,3.87,5000
EQR,20260928,0.445,0.455,0.4225,0.425,38214820
EQT,20260928,21.81,21.81,21.09,21.28,62613
EQU,20260928,0.38,0.38,0.38,0.38,784
EQX,20260928,0.14,0.14,0.14,0.14,4235
ERA,20260928,0.002,0.002,0.002,0.002,8804412
ERD,20260928,0.805,0.805,0.755,0.755,3382
ERE,20260928,0.014,0.014,0.014,0.014,275000
ERG,20260928,0.0165,0.017,0.0165,0.017,31807
ERL,20260928,0.008,0.009,0.008,0.008,405422
ERTH,20260928,9.92,10.08,9.92,9.99,21509
ESGI,20260928,37.92,37.92,37.8,37.84,3538
ESK,20260928,0.57,0.58,0.57,0.58,6750
ESPO,20260928,14.56,14.7,14.51,14.63,1955
ESR,20260928,0.027,0.027,0.025,0.025,760356
ESTX,20260928,107.17,107.55,107,107,15652
ETHI,20260928,16.9,16.92,16.86,16.88,90800
ETM,20260928,0.055,0.057,0.053,0.053,2739545
EUR,20260928,0.41,0.41,0.4,0.405,2448762
EV1,20260928,0.011,0.011,0.011,0.011,90
EV8,20260928,0.38,0.38,0.38,0.38,10000
EVE,20260928,0.015,0.016,0.015,0.016,46399
EVG,20260928,0.016,0.016,0.016,0.016,732861
EVN,20260928,13.8,13.99,13.28,13.3,10550261
EVO,20260928,0.42,0.42,0.41,0.415,113619
EVT,20260928,13.71,13.77,13.6,13.69,110028
EVZ,20260928,0.495,0.495,0.495,0.495,1
EWC,20260928,0.072,0.072,0.069,0.069,344142
EX20,20260928,22,22.05,21.87,21.87,25025
EXL,20260928,0.008,0.008,0.007,0.008,1929565
EXP,20260928,0.09,0.09,0.086,0.09,12972
EXR,20260928,0.086,0.087,0.074,0.076,6990131
EXT,20260928,0.0055,0.0055,0.005,0.005,5005381
EXUS,20260928,37.8,37.93,37.53,37.54,75252
EYE,20260928,0.135,0.135,0.13,0.13,3766
EZL,20260928,1.315,1.33,1.3,1.32,83524
EZZ,20260928,0.39,0.39,0.38,0.38,4869
F100,20260928,15.24,15.24,15.14,15.14,29888
FAIR,20260928,18.1,18.16,18,18.14,22536
FAL,20260928,0.55,0.55,0.505,0.515,803461
FANG,20260928,37.8,37.8,37.44,37.47,101969
FAR,20260928,0.31,0.315,0.305,0.315,4594
FASI,20260928,11,11,10.92,10.92,19793
FAU,20260928,0.15,0.15,0.14,0.14,70060
FBR,20260928,0.077,0.077,0.07,0.072,474245
FBU,20260928,2.83,2.89,2.8,2.84,2680470
FCAP,20260928,11.22,11.22,11.21,11.21,2
FCG,20260928,0.059,0.059,0.037,0.037,1184838
FCL,20260928,2.09,2.15,2.04,2.15,180189
FCT,20260928,0.008,0.008,0.007,0.007,1061175
FDC,20260928,3.94,4.02,3.855,3.92,254197
FDR,20260928,0.27,0.27,0.25,0.25,2596777
FDV,20260928,0.325,0.33,0.31,0.33,142867
FEG,20260928,0.12,0.12,0.115,0.12,97462
FEIF,20260928,1.12,1.12,1.12,1.12,500
FEL,20260928,0.006,0.006,0.006,0.006,70017
FEMX,20260928,7.33,7.4,7.32,7.34,15883
FEX,20260928,0.25,0.25,0.24,0.245,374947
FFG,20260928,0.0075,0.008,0.007,0.007,2228672
FFI,20260928,4.69,4.74,4.69,4.74,740
FFM,20260928,1.71,1.7175,1.63,1.63,4635873
FG1,20260928,0.019,0.019,0.015,0.015,1750608
FGG,20260928,1.65,1.65,1.61,1.635,182745
FGH,20260928,0.009,0.009,0.008,0.008,254685
FGR,20260928,0.052,0.053,0.052,0.053,243512
FGSE,20260928,3.69,3.69,3.69,3.69,7000
FGX,20260928,1.32,1.325,1.3,1.305,179782
FHCO,20260928,6.06,6.09,6.05,6.05,129
FHE,20260928,0.22,0.225,0.2,0.21,4173394
FHNG,20260928,13.78,13.895,13.63,13.63,21236
FHS,20260928,0.001,0.0015,0.001,0.0015,30987
FID,20260928,8.67,9.01,8.65,8.7,30606
FIIN,20260928,7.65,7.67,7.56,7.56,19
FIN,20260928,0.004,0.004,0.004,0.004,4390151
FIRE,20260928,11.21,11.21,11.09,11.09,892
FL1,20260928,0.14,0.14,0.14,0.14,8340
FLC,20260928,0.071,0.072,0.07,0.07,65407
FLG,20260928,0.175,0.175,0.15,0.15,200246
FLN,20260928,0.1225,0.1225,0.1225,0.1225,25259
FLOT,20260928,25.01,25.02,25,25.02,37311
FLT,20260928,10.16,10.24,10.12,10.22,614529
FLX,20260928,0.032,0.032,0.032,0.032,7269
FME,20260928,0.013,0.014,0.013,0.013,4065000
FMG,20260928,16.5,16.52,16.24,16.26,4830811
FML,20260928,1.93,2,1.86,1.86,259925
FMN,20260928,0.135,0.135,0.125,0.13,22928
FMR,20260928,0.595,0.615,0.54,0.57,145038
FND,20260928,0.405,0.43,0.405,0.405,267218
FNR,20260928,0.145,0.145,0.145,0.145,6483
FNX,20260928,0.18,0.18,0.18,0.18,1
FOOD,20260928,8.14,8.14,8.04,8.1,58440
FOS,20260928,0.12,0.12,0.12,0.12,70000
FPC,20260928,1.31,1.31,1.31,1.31,1085
FPH,20260928,36.46,36.97,36.32,36.46,368664
FPR,20260928,4.65,4.66,4.57,4.61,1073243
FRAR,20260928,1.04,1.04,1.035,1.035,200
FRB,20260928,0.16,0.16,0.15,0.15,355342
FRE,20260928,0.026,0.026,0.026,0.026,1060
FRGG,20260928,1.49,1.5,1.49,1.5,16243
FRI,20260928,0.705,0.705,0.7,0.7,54936
FRM,20260928,0.245,0.245,0.215,0.215,50726
FRS,20260928,0.31,0.31,0.285,0.29,4621632
FRW,20260928,10.59,10.59,10.59,10.59,1
FRX,20260928,0.022,0.022,0.019,0.02,1086281
FSA,20260928,1.22,1.225,1.22,1.225,1315
FSCF,20260928,100.6,100.6,100.6,100.6,996
FSI,20260928,1.15,1.15,1.15,1.15,1173
FSML,20260928,2.03,2.03,1.985,1.985,452996
FSUB,20260928,24.4,24.43,24.39,24.41,12161
FTI,20260928,0.795,0.8,0.72,0.72,1008218
FUEL,20260928,8.93,8.93,8.88,8.92,80924
FUL,20260928,0.08,0.08,0.079,0.079,87600
FUN,20260928,0.084,0.084,0.079,0.079,92919
FUTR,20260928,36.26,36.26,36.13,36.16,4004
FWD,20260928,2.66,2.66,2.5,2.51,140068
FXG,20260928,0.185,0.185,0.18,0.18,375039
FZR,20260928,0.305,0.305,0.305,0.305,138
G11,20260928,0.22,0.23,0.21,0.22,295236
G1C,20260928,0.059,0.059,0.055,0.055,1950
G200,20260928,30.42,30.69,30.42,30.51,4455
G50,20260928,0.44,0.4525,0.425,0.425,174769
G6M,20260928,3.48,3.49,3.295,3.49,34038
G88,20260928,0.007,0.007,0.007,0.007,30303
GA8,20260928,0.0495,0.05,0.049,0.049,412599
GAL,20260928,0.11,0.11,0.105,0.105,88926
GAME,20260928,15.15,15.38,15.15,15.28,2002
GAP,20260928,0.1015,0.1015,0.1015,0.1015,2
GARP,20260928,12.74,12.74,12.59,12.61,21379
GAS,20260928,0.011,0.011,0.01,0.01,10560
GBE,20260928,0.055,0.06,0.054,0.058,363003
GBL,20260928,0.017,0.017,0.017,0.017,2047050
GBM,20260928,0.021,0.022,0.021,0.021,8702883
GBND,20260928,19.7,19.7,19.63,19.67,4195
GBR,20260928,0.105,0.11,0.1,0.1025,5014104
GC1,20260928,0.41,0.41,0.405,0.41,29626
GCAP,20260928,8.87,8.87,8.87,8.87,924
GCI,20260928,2.02,2.025,1.995,2.01,2187870
GCM,20260928,0.105,0.105,0.098,0.1,178385
GCQF,20260928,4.04,4.05,4.03,4.05,58818
GCR,20260928,0.002,0.002,0.002,0.002,3390000
GDF,20260928,1.03,1.05,1.025,1.04,134989
GDG,20260928,2.72,2.75,2.7,2.7,932215
GDI,20260928,0.625,0.63,0.625,0.63,197323
GDM,20260928,0.315,0.315,0.315,0.315,2026
GDR,20260928,0.18,0.18,0.17,0.17,14356
GDX,20260928,113.25,113.64,109.94,110,91211
GEAR,20260928,34.57,35.02,34.56,34.73,93369
GED,20260928,0.048,0.05,0.046,0.046,782936
GEM,20260928,0.092,0.095,0.091,0.095,4104392
GEN,20260928,0.0065,0.0065,0.0065,0.0065,19690
GES,20260928,0.013,0.013,0.013,0.013,16
GFL,20260928,2.73,2.73,2.68,2.68,19072
GFXD,20260928,29.31,29.31,29.31,29.31,1335
GG1,20260928,0.096,0.096,0.092,0.095,65700
GG8,20260928,0.325,0.325,0.3,0.315,528064
GGAB,20260928,17.76,17.76,17.73,17.73,816
GGBL,20260928,28.11,28.2,28,28.03,10977
GGE,20260928,0.002,0.002,0.0015,0.0015,113405
GGFD,20260928,17.42,17.43,17.42,17.43,62668
GGM,20260928,0.22,0.22,0.21,0.215,145110
GGOV,20260928,12.04,12.04,12.01,12.03,46709
GGP,20260928,10.77,10.83,10.46,10.49,1254768
GGR,20260928,0.14,0.14,0.14,0.14,5714
GGUS,20260928,63.09,63.25,62.96,63.07,19915
GHHF,20260928,36.5,36.54,36.41,36.43,25910
GHIF,20260928,12.64,12.64,12.62,12.63,9634
GHLD,20260928,65.72,65.72,64.33,64.33,15132
GHM,20260928,0.63,0.63,0.55,0.58,694042
GHRP,20260928,49.45,49.45,49.41,49.41,393
GHY,20260928,0.52,0.545,0.515,0.545,411420
GIB,20260928,0.034,0.034,0.034,0.034,722
GIVE,20260928,2.95,2.95,2.94,2.95,38653
GL1,20260928,1.01,1.01,0.955,0.98,3626638
GLB,20260928,2.74,2.74,2.72,2.72,434
GLDN,20260928,48.19,48.23,47.19,47.19,23722
GLE,20260928,0.14,0.14,0.14,0.14,266
GLF,20260928,4.42,4.52,4.41,4.5,275346
GLH,20260928,0.061,0.061,0.061,0.061,49899
GLIN,20260928,28.62,28.66,28.53,28.62,208344
GLL,20260928,0.0045,0.005,0.004,0.005,3858260
GLN,20260928,0.315,0.325,0.295,0.3,7157447
GLOB,20260928,4.55,4.57,4.54,4.55,359061
GLPR,20260928,27.11,27.2,27.09,27.19,123468
GLS,20260928,2.02,2.05,1.99,2.01,322530
GMD,20260928,7.65,7.685,7.2,7.21,6008978
GMG,20260928,26.35,26.54,26.2,26.3,2127178
GML,20260928,0.076,0.076,0.072,0.072,2993131
GMN,20260928,0.062,0.063,0.062,0.063,17256
GMTL,20260928,12.2,12.2,11.88,11.89,2419
GMVW,20260928,36.99,37.45,36.96,37.25,5485
GNC,20260928,6.57,6.66,6.5,6.64,1505912
GNDQ,20260928,40.57,40.71,40.12,40.14,16315
GNE,20260928,2.01,2.05,2.01,2.05,20783
GNG,20260928,7.59,7.76,7.52,7.57,1115211
GNM,20260928,0.031,0.031,0.031,0.031,163722
GNP,20260928,9.22,9.43,9.2,9.38,544397
GOAT,20260928,26,26.36,26,26.015,1970
GOOD,20260928,49.83,49.83,49.79,49.79,2
GOVT,20260928,23.79,23.81,23.76,23.77,3604
GOW,20260928,2.09,2.09,2.09,2.09,2200
GOZ,20260928,1.93,1.96,1.93,1.96,259352
GPEQ,20260928,18.24,18.29,18.2,18.22,9558
GPR,20260928,0.029,0.031,0.029,0.031,16
GPT,20260928,4.38,4.44,4.36,4.43,4128169
GQG,20260928,1.095,1.115,1.09,1.095,2911440
GR8,20260928,0.7,0.7,0.7,0.7,51
GRE,20260928,0.047,0.049,0.047,0.049,356952
GRIN,20260928,18.85,18.85,18.85,18.85,40
GRNV,20260928,31,31.27,31,31.19,8628
GROW,20260928,4.03,4.04,4.02,4.04,3793
GRPA,20260928,25.51,25.51,25.51,25.51,1000
GRR,20260928,0.125,0.125,0.12,0.12,466955
GRS,20260928,0.43,0.43,0.43,0.43,5000
GRV,20260928,0.022,0.023,0.022,0.023,758328
GRX,20260928,0.95,0.995,0.95,0.96,23242
GSCF,20260928,17.7,17.7,17.7,17.7,5
GSM,20260928,0.011,0.011,0.011,0.011,534418
GSN,20260928,0.024,0.024,0.024,0.024,186032
GSS,20260928,0.079,0.079,0.077,0.078,638086
GSUS,20260928,13.83,13.83,13.83,13.83,1466
GT1,20260928,0.013,0.013,0.012,0.0125,615302
GT3,20260928,0.025,0.027,0.025,0.027,1140687
GTE,20260928,0.009,0.009,0.009,0.009,55555
GTG,20260928,0.039,0.039,0.039,0.039,10071
GTI,20260928,0.03,0.03,0.03,0.03,22294
GTK,20260928,3,3.08,2.96,3,148346
GTN,20260928,0.185,0.185,0.185,0.185,576121
GTUM,20260928,24.28,24.5,24.13,24.13,36513
GUL,20260928,0.072,0.076,0.071,0.076,14428
GUM,20260928,0.086,0.086,0.086,0.086,15257
GVF,20260928,1.345,1.35,1.345,1.35,94974
GW1,20260928,0.1,0.1025,0.097,0.098,625613
GWA,20260928,1.97,1.9825,1.955,1.97,112041
GWR,20260928,0.105,0.11,0.1,0.105,877967
GWTH,20260928,21.57,21.57,21.27,21.27,6183
GXAI,20260928,17.31,17.31,16.86,16.86,106708
GXLD,20260928,60.61,60.61,59.35,59.4,18233
GYG,20260928,24.35,24.83,24.03,24.53,235035
H100,20260928,13.89,13.89,13.81,13.81,622
H2G,20260928,0.0105,0.011,0.0105,0.011,713948
H3E,20260928,0.005,0.005,0.005,0.005,991478
HACK,20260928,18.67,18.67,18.28,18.35,143182
HAL,20260928,0.014,0.014,0.014,0.014,40000
HAR,20260928,0.062,0.062,0.056,0.058,1079452
HAS,20260928,0.26,0.27,0.26,0.265,26049
HAV,20260928,0.79,0.79,0.74,0.745,276749
HAW,20260928,0.079,0.08,0.079,0.08,22499
HBRD,20260928,10.07,10.07,10.06,10.07,197371
HCF,20260928,0.03,0.03,0.03,0.03,33001
HCH,20260928,1.61,1.62,1.535,1.555,241197
HCL,20260928,0.12,0.12,0.11,0.11,20241
HCRD,20260928,25.29,25.29,25.26,25.28,28163
HCT,20260928,0.042,0.043,0.042,0.043,17598
HCW,20260928,0.73,0.74,0.725,0.735,1460316
HDN,20260928,1.065,1.0725,1.055,1.07,3345671
HE8,20260928,0.002,0.002,0.002,0.002,11000
HETH,20260928,17.08,17.14,17.08,17.09,95654
HEUR,20260928,18.38,18.38,18.31,18.32,16535
HFR,20260928,0.019,0.019,0.019,0.019,10000
HFY,20260928,0.012,0.012,0.012,0.012,42083
HGBL,20260928,87.23,87.23,86.98,87.04,86057
HGCQ,20260928,4.97,4.97,4.97,4.97,500
HGEN,20260928,10.12,10.4,10.11,10.25,4587
HGH,20260928,1.035,1.035,1.005,1.005,520
HIO,20260928,0.01,0.011,0.01,0.01,1279755
HIQ,20260928,0.005,0.005,0.005,0.005,3434
HIT,20260928,1.035,1.06,1.035,1.05,24923
HJHI,20260928,1.095,1.095,1.085,1.095,2219
HJPN,20260928,30.82,31,30.63,30.63,34222
HLI,20260928,5.33,5.34,5.255,5.27,862485
HLO,20260928,1.355,1.395,1.35,1.38,180733
HLS,20260928,0.38,0.385,0.3675,0.375,8678684
HLTH,20260928,12,12,11.8,11.83,718
HLX,20260928,0.04,0.04,0.04,0.04,77891
HM1,20260928,2.94,2.96,2.93,2.93,269286
HMC,20260928,2.97,3,2.93,2.96,952816
HMD,20260928,0.045,0.048,0.045,0.045,1406104
HMG,20260928,0.25,0.25,0.235,0.235,115880
HMI,20260928,0.038,0.038,0.038,0.038,16631
HMND,20260928,43.65,43.65,42.5,42.56,1263
HMX,20260928,0.09,0.09,0.089,0.09,1443863
HMY,20260928,0.735,0.74,0.72,0.74,51835
HNDQ,20260928,58.59,58.71,58.19,58.22,28537
HOR,20260928,0.024,0.026,0.024,0.026,234433
HPC,20260928,0.003,0.003,0.003,0.003,655
HPG,20260928,0.76,0.84,0.755,0.84,36314
HPR,20260928,0.11,0.11,0.105,0.105,11161
HQLT,20260928,35.38,35.38,35.15,35.27,541
HQUS,20260928,49.47,49.66,49.43,49.66,17235
HRE,20260928,0.04,0.04,0.04,0.04,271
HRN,20260928,1.05,1.05,1.045,1.05,6607
HSN,20260928,3,3.01,2.96,2.98,640234
HT8,20260928,0.017,0.017,0.017,0.017,47306
HTM,20260928,0.24,0.245,0.24,0.245,50202
HUB,20260928,64.53,64.53,63.25,63.76,374675
HUGE,20260928,14.08,14.08,13.91,13.93,4755
HUM,20260928,0.4,0.41,0.3975,0.41,336816
HVLU,20260928,42.58,42.61,42.47,42.47,4548
HVN,20260928,4.15,4.2,4.14,4.18,2326323
HVST,20260928,13.05,13.05,12.98,12.99,14770
HVY,20260928,0.34,0.34,0.32,0.32,16331
HWK,20260928,0.036,0.036,0.033,0.034,389463
HXL,20260928,0.013,0.013,0.013,0.013,15800
HYD,20260928,0.003,0.0035,0.003,0.003,4183954
HYGG,20260928,6.27,6.28,6.18,6.18,188373
HYLD,20260928,32.88,33.09,32.83,33.08,10685
HYT,20260928,0.0055,0.006,0.0055,0.006,2332717
HZN,20260928,0.22,0.2225,0.215,0.215,2117386
HZR,20260928,0.305,0.32,0.295,0.32,112315
I88,20260928,0.105,0.11,0.1,0.11,15141
IAA,20260928,205.53,206.22,203.34,203.35,15831
IACT,20260928,31.16,31.16,31.03,31.08,26318
IAF,20260928,100.07,100.07,99.8,99.8,40843
IAG,20260928,7.84,7.98,7.7,7.98,4157576
IAM,20260928,0.016,0.019,0.016,0.019,276472
IBAL,20260928,30.68,30.68,30.6,30.63,2601
IBC,20260928,0.435,0.435,0.435,0.435,7
IBIT,20260928,22.89,22.97,22.35,22.46,31306
IBR,20260928,0.026,0.026,0.024,0.026,1089662
IBX,20260928,0.007,0.007,0.007,0.007,1397312
ICE,20260928,0.05,0.053,0.05,0.05,917750
ICL,20260928,0.019,0.019,0.019,0.019,3651
ICME,20260928,99.53,99.71,99.53,99.71,1800
ICOR,20260928,93.595,93.66,93.55,93.56,4025
ICR,20260928,0.022,0.022,0.022,0.022,184645
ICU,20260928,0.001,0.001,0.001,0.001,543398
ID8,20260928,0.97,0.97,0.97,0.97,238
IDA,20260928,0.02,0.02,0.02,0.02,101000
IDT,20260928,0.045,0.045,0.045,0.045,49384
IDX,20260928,2.2,2.2,2.16,2.18,423704
IEL,20260928,1.92,1.98,1.91,1.915,3453784
IEM,20260928,97.99,97.99,96.7,96.77,25162
IEQ,20260928,0.04,0.04,0.04,0.04,19
IESG,20260928,30.5,30.75,30.5,30.64,35328
IEU,20260928,96.85,97.05,96.54,96.54,13244
IFG,20260928,0.007,0.007,0.006,0.006,23045
IFN,20260928,0.62,0.625,0.615,0.625,99570
IFRA,20260928,23.8,23.9,23.76,23.89,151847
IFT,20260928,11.39,11.51,11.25,11.34,174072
IG6,20260928,0.04,0.04,0.036,0.037,169645
IGB,20260928,95.46,95.53,95.37,95.39,2120
IGL,20260928,2.34,2.37,2.32,2.33,131256
IGN,20260928,0.765,0.765,0.765,0.765,87
IGO,20260928,6.66,6.69,6.42,6.42,2433638
IGRO,20260928,36.53,36.64,36.53,36.54,2069
IHCB,20260928,89.17,89.47,89.01,89.01,12017
IHD,20260928,16.63,16.72,16.63,16.66,12742
IHEB,20260928,74.8,74.8,74.4,74.42,4146
IHHY,20260928,91.67,91.68,91.39,91.39,5736
IHOO,20260928,250.36,250.52,249.95,250.24,2957
IHVV,20260928,67.62,67.69,67.52,67.58,97721
IHWL,20260928,65.75,65.81,65.65,65.68,31303
IIGF,20260928,2.8,2.8,2.8,2.8,9
IIND,20260928,9.51,9.58,9.39,9.39,33244
IIQ,20260928,0.175,0.175,0.17,0.17,91105
IISV,20260928,2.97,2.97,2.95,2.95,6834
IJH,20260928,51.88,51.96,51.7,51.73,6142
IJP,20260928,137.25,137.94,136.07,136.31,17681
IJR,20260928,198.1,198.1,196.74,197.08,9026
IKE,20260928,0.905,0.905,0.905,0.905,3013
IKO,20260928,267.4,268.15,261.25,261.5,2800
ILA,20260928,0.4,0.4,0.39,0.39,87568
ILB,20260928,125.21,125.21,124.86,124.86,8290
ILC,20260928,34.14,34.43,34.14,34.28,32468
ILT,20260928,0.44,0.45,0.44,0.45,42917
ILU,20260928,5.8,6.025,5.75,5.94,3093486
IMA,20260928,0.013,0.014,0.013,0.013,7826436
IMB,20260928,0.57,0.57,0.56,0.565,135975
IMC,20260928,0.044,0.044,0.043,0.043,901209
IMD,20260928,3.31,3.325,3.23,3.24,643653
IME,20260928,0.32,0.325,0.32,0.325,23000
IMI,20260928,0.007,0.007,0.007,0.007,600000
IMLC,20260928,3.79,3.79,3.79,3.79,1
IMM,20260928,0.036,0.037,0.033,0.034,17593081
IMPQ,20260928,3.95,3.98,3.95,3.97,1102
IMR,20260928,1.63,1.64,1.55,1.55,446586
IMU,20260928,0.045,0.0455,0.041,0.041,1767094
INA,20260928,4.7,4.89,4.6,4.76,2873252
INCM,20260928,20.46,20.46,20.2,20.29,17606
IND,20260928,0.1,0.1,0.099,0.099,39264
INES,20260928,3.09,3.1,3.07,3.07,20166
INF,20260928,0.007,0.007,0.006,0.006,992867
ING,20260928,2.11,2.11,2.03,2.03,2038630
INIF,20260928,2.65,2.65,2.65,2.65,11030
INR,20260928,0.12,0.1225,0.11,0.11,4245020
INV,20260928,0.115,0.115,0.115,0.115,3502
IOD,20260928,0.09,0.09,0.09,0.09,40008
ION,20260928,0.14,0.145,0.125,0.125,3538614
IOO,20260928,203,203.86,202.73,203.3,29890
IOV,20260928,0.4,0.405,0.395,0.395,29707
IOZ,20260928,35.11,35.31,35.1,35.18,664681
IPC,20260928,#FIELD!,#FIELD!,#FIELD!,#FIELD!,#FIELD!
IPD,20260928,0.005,0.005,0.0045,0.005,53359384
IPG,20260928,5.99,6.05,5.87,5.97,113388
IPH,20260928,3.35,3.39,3.34,3.37,746015
IPT,20260928,0.027,0.027,0.026,0.026,613895
IPX,20260928,2.81,2.81,2.67,2.69,1318891
IRD,20260928,0.009,0.009,0.009,0.009,100000
IRE,20260928,5.21,5.26,5.04,5.13,1971150
IRI,20260928,0.3,0.3,0.295,0.3,5762
IS3,20260928,0.16,0.16,0.16,0.16,787
ISEC,20260928,100.67,100.69,100.67,100.69,8790
ISLM,20260928,1.175,1.175,1.155,1.17,5489
ISMD,20260928,49.62,49.62,49.62,49.62,16
ISO,20260928,5.01,5.01,4.93,4.94,171626
ITEK,20260928,35.99,35.99,35.63,35.66,138
ITM,20260928,0.052,0.052,0.05,0.05,117681
ITS,20260928,0.26,0.26,0.26,0.26,3251
IUSG,20260928,97.52,97.52,97.52,97.52,213
IVE,20260928,147.53,147.66,146.75,147.08,5577
IVG,20260928,0.045,0.045,0.045,0.045,219
IVR,20260928,0.053,0.053,0.049,0.049,4738387
IVV,20260928,73.35,73.42,73.09,73.22,334910
IVX,20260928,0.038,0.038,0.038,0.038,29362
IVZ,20260928,0.066,0.066,0.062,0.063,1984803
IWLD,20260928,71.8,71.99,71.72,71.81,31730
IXC,20260928,0.11,0.11,0.11,0.11,123283
IXI,20260928,93.75,94.33,93.75,94.33,4659
IXJ,20260928,145.64,146.18,145.35,146.13,10414
IXR,20260928,0.53,0.54,0.51,0.52,413326
IYLD,20260928,99.03,99.03,98.83,98.83,3874
IZZ,20260928,48.26,48.8,48.13,48.35,25492
J100,20260928,56.51,56.75,56.51,56.75,1975
JAL,20260928,0.038,0.039,0.036,0.039,1202737
JAN,20260928,0.125,0.125,0.125,0.125,7
JAT,20260928,0.091,0.091,0.091,0.091,13984
JAV,20260928,0.09,0.09,0.088,0.089,469539
JBH,20260928,66.28,66.78,65.64,66.29,389184
JCS,20260928,0.027,0.027,0.027,0.027,15000
JDO,20260928,0.95,0.965,0.92,0.935,3849464
JEGA,20260928,45.25,45.35,45.22,45.3,468
JEME,20260928,85.83,85.83,84.77,84.77,7661
JEPI,20260928,47.9,48.4,47.9,48.38,2331
JGH,20260928,0.072,0.073,0.067,0.069,1714657
JGLO,20260928,59.87,59.94,59.78,59.79,9
JHGA,20260928,44.42,44.43,44.3,44.33,1946
JHLO,20260928,61.53,61.53,61.33,61.33,2
JHPI,20260928,45.43,45.43,45.42,45.42,2
JHX,20260928,36.88,37.22,36.72,37,633015
JIN,20260928,5.8,5.93,5.75,5.82,351569
JLL,20260928,0.42,0.44,0.4,0.415,210466
JMS,20260928,0.25,0.25,0.245,0.245,764689
JNDQ,20260928,20.81,20.88,20.76,20.8,492
JNO,20260928,0.026,0.026,0.026,0.026,18000
JNS,20260928,0.79,0.8575,0.76,0.83,2215354
JPEQ,20260928,61.2,61.45,61.12,61.14,3016
JPHQ,20260928,56.97,56.98,56.7,56.7,1496
JPR,20260928,0.016,0.016,0.014,0.015,12178
JREG,20260928,87.67,88.13,87.67,87.81,2406
JRHG,20260928,75.58,75.61,75.3,75.3,2623
JYC,20260928,6.39,6.42,6.06,6.06,2356
KAL,20260928,0.021,0.022,0.021,0.022,1487458
KAM,20260928,0.05,0.053,0.05,0.053,18046
KAN,20260928,1.185,1.185,1.15,1.165,689799
KAO,20260928,2.06,2.11,1.84,2,648686
KAR,20260928,1.595,1.62,1.535,1.555,14046556
KAT,20260928,1.385,1.385,1.375,1.375,228
KAU,20260928,0.21,0.2125,0.195,0.195,1698880
KCC,20260928,1,1,0.985,0.985,10291
KCN,20260928,4.99,5.04,4.88,4.92,1189968
KEY,20260928,0.086,0.088,0.08,0.084,9282
KFM,20260928,0.078,0.078,0.078,0.078,101
KGL,20260928,0.185,0.185,0.17,0.17,2076541
KGN,20260928,3.24,3.24,3.19,3.21,103662
KIT,20260928,1.845,1.845,1.785,1.785,199759
KKC,20260928,2.1,2.11,2.095,2.1,177930
KKO,20260928,0.035,0.035,0.035,0.035,670
KLI,20260928,0.32,0.345,0.305,0.305,1085328
KLR,20260928,0.075,0.075,0.074,0.074,806
KLS,20260928,3.94,3.97,3.91,3.93,258789
KLV,20260928,0.54,0.54,0.525,0.53,65229
KM1,20260928,0.09,0.097,0.09,0.097,9732
KMD,20260928,1.505,1.56,1.505,1.515,46778
KME,20260928,0.735,0.735,0.725,0.73,43348
KNB,20260928,0.026,0.026,0.026,0.026,8573
KNG,20260928,0.046,0.046,0.046,0.046,41666
KNI,20260928,0.027,0.027,0.025,0.025,461008
KNO,20260928,0.022,0.022,0.022,0.022,662675
KOA,20260928,4.64,4.66,4.45,4.6,234311
KOB,20260928,0.031,0.034,0.031,0.034,635449
KOV,20260928,16.28,16.39,16.25,16.25,8321
KP2,20260928,0.07,0.072,0.07,0.072,31500
KPG,20260928,4.25,4.25,4.11,4.2,60170
KPO,20260928,0.02,0.02,0.018,0.019,1864696
KRM,20260928,0.021,0.021,0.02,0.02,626301
KRR,20260928,0.09,0.091,0.08,0.087,2923748
KSC,20260928,3,3,3,3,1816
KSL,20260928,1.045,1.065,1.045,1.065,57494
KSN,20260928,0.035,0.036,0.035,0.035,472885
KTA,20260928,0.006,0.0065,0.006,0.006,1860945
KTK,20260928,0.165,0.17,0.165,0.165,129214
KYN,20260928,0.03,0.03,0.03,0.03,1500
KYP,20260928,0.145,0.145,0.14,0.14,97023
KZR,20260928,0.14,0.1425,0.135,0.14,181132
L1G,20260928,1.15,1.16,1.14,1.16,1439015
L1HI,20260928,5.58,5.61,5.58,5.6,13715
L1IF,20260928,6.32,6.34,6.28,6.29,96056
L1M,20260928,0.016,0.018,0.016,0.018,850034
LAC,20260928,0.355,0.355,0.325,0.35,250873
LAM,20260928,0.57,0.57,0.57,0.57,918
LAT,20260928,0.14,0.14,0.135,0.135,335038
LAU,20260928,0.73,0.73,0.695,0.695,495195
LBL,20260928,0.535,0.55,0.525,0.525,96472
LCE,20260928,0.845,0.85,0.845,0.85,29078
LCL,20260928,0.0075,0.008,0.007,0.007,245505
LCY,20260928,0.005,0.005,0.005,0.005,650000
LDR,20260928,0.096,0.096,0.096,0.096,2496
LDX,20260928,0.11,0.11,0.105,0.105,516982
LED,20260928,0.37,0.385,0.37,0.385,142616
LEG,20260928,0.008,0.008,0.008,0.008,19678
LEL,20260928,0.305,0.305,0.305,0.305,520
LEND,20260928,14.75,14.75,14.69,14.74,25339
LEVR,20260928,1.33,1.33,1.325,1.325,27072
LEX,20260928,0.11,0.11,0.11,0.11,70589
LF1,20260928,1.895,1.91,1.89,1.91,105680
LFG,20260928,3.25,3.28,3.16,3.2,36255
LFS,20260928,0.845,0.845,0.82,0.825,39448
LFT,20260928,2.14,2.15,2.08,2.11,23158
LGF,20260928,2.32,2.36,2.29,2.36,712275
LGI,20260928,2.05,2.06,1.955,2.06,40571
LGM,20260928,0.145,0.15,0.125,0.125,172046
LGP,20260928,0.072,0.072,0.068,0.068,267776
LHGG,20260928,1.795,1.795,1.78,1.78,6351
LIB,20260928,0.005,0.005,0.004,0.004,9340000
LIC,20260928,4.4,4.44,4.32,4.37,81184
LIN,20260928,0.63,0.63,0.575,0.595,14917539
LIO,20260928,0.013,0.013,0.013,0.013,171286
LIS,20260928,0.14,0.145,0.14,0.145,27768
LIT,20260928,0.007,0.0075,0.007,0.007,1222820
LKE,20260928,0.042,0.042,0.038,0.038,8283669
LKO,20260928,0.265,0.265,0.26,0.265,189609
LKY,20260928,0.062,0.063,0.058,0.06,3519014
LLC,20260928,2.4,2.42,2.38,2.38,1943962
LM1,20260928,0.22,0.22,0.215,0.215,32848
LM8,20260928,0.34,0.345,0.335,0.335,17852
LMG,20260928,0.015,0.0155,0.014,0.014,5315438
LML,20260928,0.013,0.014,0.013,0.014,1110015
LMS,20260928,0.23,0.23,0.2,0.205,93084
LNAS,20260928,12.97,12.98,12.74,12.74,53541
LNQ,20260928,0.435,0.45,0.435,0.44,164104
LNW,20260928,109.92,112.57,108.5,111.15,145886
LNYN,20260928,1.875,1.875,1.875,1.875,533333
LOT,20260928,0.245,0.2475,0.23,0.235,4614264
LOV,20260928,24.23,24.69,24.04,24.06,237336
LPE,20260928,0.082,0.082,0.082,0.082,12488
LPGD,20260928,5.99,5.99,5.9,5.93,185077
LPHD,20260928,10.65,10.65,10.6,10.6,5700
LPM,20260928,0.13,0.13,0.125,0.13,189545
LRD,20260928,0.014,0.014,0.014,0.014,824441
LRK,20260928,0.82,0.82,0.81,0.82,32811
LRM,20260928,0.02,0.02,0.019,0.019,677238
LRT,20260928,2.01,2.03,1.98,1.99,94510
LRV,20260928,1.12,1.14,1.08,1.09,1204520
LSA,20260928,0.115,0.115,0.11,0.11,122727
LSF,20260928,4.73,4.77,4.66,4.66,281920
LSGE,20260928,1.96,1.96,1.95,1.96,171436
LSR,20260928,0.009,0.009,0.007,0.007,14506415
LSX,20260928,0.89,0.895,0.885,0.885,34001
LTP,20260928,0.455,0.465,0.44,0.465,31737
LTR,20260928,0.935,0.9575,0.8975,0.905,41095368
LU7,20260928,0.005,0.005,0.004,0.004,17959
LUX,20260928,0.365,0.365,0.365,0.365,56894
LVE,20260928,0.095,0.095,0.095,0.095,31264
LYC,20260928,13.94,14.165,13.71,13.77,2880892
LYL,20260928,22.83,23.58,22.83,23.48,22279
M24,20260928,0.04,0.047,0.04,0.042,10957588
M2M,20260928,0.008,0.008,0.007,0.007,135660
M2R,20260928,0.002,0.002,0.002,0.002,27650
M3M,20260928,0.023,0.023,0.023,0.023,48481
M4M,20260928,0.006,0.006,0.006,0.006,1000209
M79,20260928,0.037,0.037,0.035,0.035,701092
M7T,20260928,0.225,0.23,0.225,0.23,31595
M96,20260928,0.008,0.008,0.008,0.008,101227
MA1,20260928,1.965,1.965,1.93,1.93,1051078
MAD,20260928,6.22,6.38,6.16,6.32,451491
MAET,20260928,5.23,5.24,5.195,5.21,202282
MAF,20260928,4.67,4.76,4.64,4.72,425426
MAG,20260928,0.018,0.018,0.018,0.018,50000
MAH,20260928,1.12,1.13,1.0875,1.09,4409543
MAM,20260928,0.36,0.36,0.34,0.34,78054
MAN,20260928,0.019,0.02,0.019,0.02,476544
MAP,20260928,0.05,0.05,0.049,0.049,1410027
MAQ,20260928,53.5,53.68,52.2,53.11,63457
MAT,20260928,0.049,0.049,0.047,0.047,936685
MAY,20260928,0.004,0.004,0.004,0.004,2616076
MBG,20260928,0.205,0.205,0.195,0.195,261894
MBH,20260928,0.06,0.06,0.056,0.056,13498
MBK,20260928,0.011,0.012,0.011,0.011,64310
MC2,20260928,8.74,8.8,8.39,8.39,14367
MCA,20260928,0.18,0.18,0.165,0.165,95443
MCCL,20260928,16.82,16.88,16.78,16.81,7547
MCGG,20260928,14.09,14.16,14.04,14.06,4884
MCM,20260928,0.265,0.275,0.26,0.26,36696
MCO,20260928,0.017,0.017,0.017,0.017,18519
MCP,20260928,0.1325,0.1325,0.13,0.13,42129
MCY,20260928,5.36,5.625,5.36,5.51,1437
MDI,20260928,0.013,0.013,0.013,0.013,305542
MDX,20260928,0.035,0.035,0.035,0.035,48000
MEC,20260928,1.18,1.18,1.18,1.18,137
MEG,20260928,0.011,0.011,0.011,0.011,421
MEI,20260928,0.19,0.19,0.175,0.175,3586706
MEK,20260928,0.1,0.1025,0.093,0.093,41386226
MEL,20260928,0.017,0.017,0.017,0.017,7581
MEM,20260928,0.005,0.005,0.005,0.005,6699082
MEU,20260928,0.07,0.072,0.068,0.0695,2239007
MEX,20260928,0.057,0.057,0.055,0.055,3859
MEZ,20260928,4.43,4.54,4.43,4.53,14830
MFD,20260928,0.115,0.115,0.115,0.115,312000
MFF,20260928,5.48,5.48,5.4,5.4,186572
MFG,20260928,8.1,8.25,8.025,8.24,844936
MFOA,20260928,10.01,10.05,10.01,10.04,58
MGA,20260928,0.093,0.093,0.093,0.093,528
MGH,20260928,7.01,7.07,6.77,6.87,3493888
MGL,20260928,0.23,0.23,0.23,0.23,7022
MGR,20260928,1.72,1.755,1.705,1.75,15506420
MGT,20260928,0.016,0.016,0.014,0.015,1192159
MGU,20260928,0.006,0.006,0.006,0.006,448357
MGX,20260928,0.335,0.335,0.325,0.33,435811
MHC,20260928,0.019,0.019,0.018,0.018,4847206
MHJ,20260928,0.35,0.35,0.335,0.345,21978
MHK,20260928,0.14,0.14,0.12,0.13,278377
MHM,20260928,0.22,0.22,0.2,0.2,198001
MHOT,20260928,124.15,124.33,124.15,124.31,950
MI6,20260928,0.915,0.915,0.8375,0.84,13842924
MICH,20260928,2.9,2.92,2.9,2.9,188063
MIDS,20260928,10.19,10.19,10.11,10.12,64866
MIN,20260928,51.8,53.16,51.21,51.82,841184
MIO,20260928,0.029,0.03,0.029,0.03,40000
MIR,20260928,2.38,2.38,2.32,2.32,121543
MKAX,20260928,3.35,3.37,3.35,3.37,703
MKR,20260928,0.064,0.065,0.061,0.061,6070266
ML8,20260928,0.16,0.16,0.16,0.16,7074
MLG,20260928,0.83,0.83,0.81,0.81,132340
MLS,20260928,0.019,0.019,0.019,0.019,32651
MLX,20260928,2.06,2.1,2.05,2.09,2594524
MM1,20260928,1.22,1.26,1.21,1.24,391940
MM8,20260928,0.545,0.56,0.51,0.51,1078076
MMA,20260928,0.42,0.425,0.42,0.42,157123
MME,20260928,0.065,0.066,0.065,0.066,126044
MMI,20260928,1.27,1.27,1.245,1.25,198398
MMKT,20260928,50.18,50.19,50.17,50.18,10253
MML,20260928,0.013,0.013,0.013,0.013,423077
MMR,20260928,0.002,0.002,0.002,0.002,2000000
MMS,20260928,18.75,18.96,18.73,18.88,200606
MNB,20260928,0.015,0.015,0.014,0.014,34048375
MNC,20260928,0.095,0.095,0.095,0.095,720
MND,20260928,30.47,31,30.22,30.44,279487
MNE,20260928,0.17,0.17,0.17,0.17,10913
MNRS,20260928,15.09,15.25,14.65,14.65,138625
MNV,20260928,1.0225,1.03,1.02,1.02,23914
MOAT,20260928,116.06,116.85,115.72,116.47,9729
MOGL,20260928,4.25,4.25,4.25,4.25,6849
MOH,20260928,0.005,0.005,0.004,0.004,1000000
MOM,20260928,0.001,0.001,0.001,0.001,16800
MONY,20260928,50.24,50.24,50.24,50.24,544
MOON,20260928,35.5,35.5,35.5,35.5,172
MOT,20260928,1.605,1.62,1.6,1.62,397888
MOV,20260928,0.18,0.18,0.18,0.18,600
MP1,20260928,19.49,19.73,18.51,18.85,1501898
MPK,20260928,0.985,0.99,0.965,0.965,46070
MPL,20260928,4.51,4.58,4.5,4.55,6024606
MPP,20260928,0.9175,0.9175,0.9175,0.9175,6
MPR,20260928,0.005,0.005,0.005,0.005,473349
MPW,20260928,1.805,1.83,1.7475,1.79,24180
MPX,20260928,0.105,0.105,0.105,0.105,4400
MQAE,20260928,11.88,11.93,11.87,11.89,182123
MQDB,20260928,10.42,10.42,10.41,10.41,21262
MQEG,20260928,14.25,14.26,14.19,14.22,42932
MQG,20260928,242.12,245.38,239.93,244.98,685365
MQHG,20260928,11.37,11.37,11.37,11.37,45
MQIO,20260928,10.58,10.58,10.58,10.58,9364
MQR,20260928,0.004,0.004,0.004,0.004,52976
MQSD,20260928,50.32,50.35,50.3,50.3,42657
MQWS,20260928,8,8.01,7.99,7.99,9378
MQXS,20260928,31.51,31.51,31.44,31.44,10022
MQYM,20260928,49.05,49.05,48.95,48.95,728
MRD,20260928,0.045,0.046,0.043,0.044,5042375
MRE,20260928,1.675,1.685,1.675,1.68,31136
MRQ,20260928,0.002,0.002,0.002,0.002,500000
MRR,20260928,0.013,0.014,0.013,0.013,1792814
MRT,20260928,0.75,0.76,0.725,0.75,2174382
MRZ,20260928,0.1,0.105,0.099,0.105,845505
MSB,20260928,2.13,2.135,2.04,2.04,2304369
MSG,20260928,0.004,0.004,0.004,0.004,123
MSI,20260928,0.003,0.003,0.003,0.003,10000
MSTR,20260928,8.6,8.62,8.59,8.59,26236
MSV,20260928,0.53,0.53,0.515,0.52,648219
MTH,20260928,0.225,0.23,0.225,0.225,81567
MTL,20260928,0.001,0.001,0.001,0.001,156250
MTM,20260928,0.37,0.37,0.345,0.35,1509029
MTO,20260928,2.5,2.51,2.48,2.49,14393
MTS,20260928,2.86,2.87,2.84,2.87,2568805
MTUM,20260928,27.76,27.76,27.57,27.58,11388
MVA,20260928,20.95,21.19,20.89,21.12,66251
MVB,20260928,42.14,42.64,42.07,42.41,16113
MVE,20260928,43.37,43.4,43.12,43.17,22220
MVF,20260928,0.75,0.75,0.735,0.74,153205
MVL,20260928,0.015,0.015,0.015,0.015,517077
MVOL,20260928,35.28,35.31,35.28,35.31,214
MVP,20260928,0.45,0.45,0.435,0.44,295305
MVR,20260928,47.6,47.91,47.18,47.18,24707
MVS,20260928,21.64,21.64,21.27,21.37,3418
MVW,20260928,37.7,37.96,37.7,37.77,88649
MX1,20260928,0.048,0.054,0.041,0.041,2031650
MXI,20260928,1.71,1.82,1.71,1.77,38336
MXO,20260928,0.0595,0.06,0.059,0.059,11152666
MXT,20260928,1.75,1.76,1.735,1.755,2040628
MYE,20260928,0.745,0.785,0.7425,0.785,261206
MYG,20260928,2.27,2.27,2.17,2.27,83590
MYR,20260928,0.18,0.185,0.18,0.18,4809104
MYS,20260928,4.95,4.98,4.94,4.98,143254
MYX,20260928,2.8,2.84,2.78,2.83,104609
N1H,20260928,0.14,0.14,0.14,0.14,20000
NAB,20260928,38.88,39.35,38.69,39.12,4478941
NAC,20260928,0.645,0.645,0.61,0.61,98432
NAE,20260928,0.002,0.002,0.002,0.002,41659
NAG,20260928,0.017,0.017,0.0145,0.016,3941514
NAN,20260928,2.92,2.96,2.9,2.92,890471
NC1,20260928,0.1,0.1,0.1,0.1,32029
NC6,20260928,0.073,0.073,0.073,0.073,1465
NCC,20260928,0.49,0.49,0.48,0.49,23057
NCK,20260928,13.86,14.05,13.79,13.95,132299
NDIA,20260928,58.9,58.9,57.64,57.7,6033
NDO,20260928,0.24,0.25,0.24,0.245,132210
NDQ,20260928,63.37,63.49,62.83,62.94,268627
NEC,20260928,0.66,0.685,0.65,0.665,11267384
NEM,20260928,171,171.59,166.91,166.96,278192
NES,20260928,0.003,0.003,0.003,0.003,100000
NEU,20260928,20,20.35,19.66,19.82,315658
NFL,20260928,0.11,0.11,0.11,0.11,79389
NFM,20260928,0.005,0.006,0.004,0.005,3422011
NGE,20260928,1.29,1.29,1.29,1.29,705
NGI,20260928,2.28,2.29,2.23,2.27,1340673
NGS,20260928,0.021,0.021,0.02,0.02,45488
NGX,20260928,0.073,0.073,0.073,0.073,186896
NGY,20260928,0.026,0.026,0.025,0.025,425222
NH3,20260928,0.097,0.099,0.094,0.095,772335
NHC,20260928,5.69,5.74,5.63,5.73,1707225
NHE,20260928,0.033,0.035,0.029,0.03,5809201
NHF,20260928,6.4,6.48,6.36,6.47,979571
NHU,20260928,0.078,0.078,0.072,0.075,204437
NIC,20260928,0.805,0.815,0.79,0.795,7582963
NIM,20260928,0.038,0.038,0.038,0.038,8240
NME,20260928,0.0135,0.014,0.0135,0.014,51654
NMG,20260928,0.078,0.079,0.069,0.069,37331033
NMR,20260928,0.06,0.06,0.059,0.06,6137332
NMT,20260928,0.032,0.032,0.029,0.031,477382
NNL,20260928,0.195,0.195,0.195,0.195,69469
NNUK,20260928,2.31,2.31,2.28,2.29,6116
NNWH,20260928,1.365,1.365,1.36,1.36,54738
NOL,20260928,1.345,1.35,1.26,1.26,48709
NOR,20260928,0.019,0.019,0.018,0.018,940282
NOU,20260928,0.125,0.125,0.12,0.12,123435
NOV,20260928,0.016,0.016,0.016,0.016,100000
NOX,20260928,0.06,0.06,0.057,0.06,304368
NPM,20260928,0.008,0.008,0.008,0.008,148593
NRX,20260928,0.013,0.013,0.013,0.013,590889
NRZ,20260928,#FIELD!,#FIELD!,#FIELD!,#FIELD!,#FIELD!
NS1,20260928,0.005,0.005,0.0035,0.004,20153422
NSB,20260928,0.063,0.063,0.062,0.062,44523
NSC,20260928,0.31,0.31,0.31,0.31,140685
NSM,20260928,0.02,0.02,0.02,0.02,4949
NST,20260928,24.3,24.46,23.47,23.47,12915974
NTD,20260928,0.21,0.21,0.2,0.2,334308
NTI,20260928,0.015,0.015,0.014,0.014,2641326
NTM,20260928,#FIELD!,#FIELD!,#FIELD!,#FIELD!,#FIELD!
NTU,20260928,0.027,0.027,0.026,0.027,6328838
NUC,20260928,0.085,0.085,0.085,0.085,22986
NUF,20260928,3.03,3.1,3,3.04,1139626
NUGG,20260928,60.22,60.22,58.98,58.98,8183
NUZ,20260928,0.077,0.08,0.076,0.076,304532
NVA,20260928,0.635,0.665,0.63,0.635,387345
NVO,20260928,0.073,0.073,0.07,0.07,11459
NVQ,20260928,0.036,0.04,0.036,0.039,907972
NVU,20260928,0.059,0.062,0.054,0.055,1837994
NVX,20260928,0.099,0.1,0.096,0.096,4584444
NWH,20260928,8,8.07,7.87,7.95,1132832
NWL,20260928,17.1,17.17,16.66,16.87,974040
NWM,20260928,0.008,0.008,0.008,0.008,553
NWS,20260928,44.99,45.37,44.99,45.13,64584
NWSLV,20260928,40.19,40.19,40.08,40.08,102
NX1,20260928,0.015,0.015,0.015,0.015,716666
NXD,20260928,0.053,0.053,0.05,0.05,429943
NXG,20260928,13.15,13.15,12.87,12.87,286463
NXL,20260928,1.87,1.89,1.79,1.835,704918
NXM,20260928,0.05,0.051,0.049,0.049,1779478
NXN,20260928,0.145,0.15,0.13,0.14,624627
NXT,20260928,11.07,11.23,10.77,10.91,2430470
NYM,20260928,0.076,0.076,0.075,0.075,43000
NYR,20260928,0.535,0.535,0.475,0.48,1218244
NZK,20260928,0.195,0.195,0.19,0.19,4589
NZM,20260928,0.845,0.845,0.83,0.83,17291
OAK,20260928,0.068,0.075,0.068,0.074,151000
OB1,20260928,0.012,0.012,0.012,0.012,17
OBL,20260928,1.47,1.48,1.465,1.47,133647
OBM,20260928,1.545,1.565,1.4325,1.45,7433762
OBT,20260928,0.018,0.018,0.018,0.018,1717243
OCA,20260928,0.595,0.595,0.595,0.595,12018
OCC,20260928,0.76,0.76,0.735,0.745,387715
OCL,20260928,5.7,5.8,5.7,5.74,83443
OCN,20260928,0.39,0.405,0.375,0.385,161356
OCT,20260928,0.024,0.027,0.023,0.024,7338150
OD6,20260928,0.115,0.115,0.11,0.11,341253
ODA,20260928,0.05,0.05,0.047,0.049,324212
ODE,20260928,0.02,0.02,0.018,0.018,7076444
ODY,20260928,0.037,0.037,0.032,0.034,2036701
OEC,20260928,0.12,0.125,0.11,0.125,411130
OEL,20260928,0.008,0.008,0.0075,0.0075,4012011
OEQ,20260928,0.175,0.175,0.175,0.175,5714
OFX,20260928,0.59,0.635,0.57,0.6,1772026
OIL,20260928,0.135,0.14,0.13,0.135,168759
OKJ,20260928,0.038,0.038,0.038,0.038,50000
OLI,20260928,0.007,0.007,0.007,0.007,76543
OLL,20260928,0.015,0.016,0.015,0.015,1628692
OLY,20260928,0.033,0.034,0.033,0.034,27674
OM1,20260928,0.014,0.016,0.014,0.016,2075636
OMA,20260928,0.81,0.81,0.725,0.73,676751
OMG,20260928,0.007,0.007,0.007,0.007,911111
OMH,20260928,0.195,0.195,0.195,0.195,2694
OML,20260928,1.67,1.67,1.655,1.66,1862092
OMX,20260928,0.063,0.065,0.06,0.06,215210
ONE,20260928,0.15,0.15,0.145,0.145,7738
OOO,20260928,10.04,10.16,9.99,10.13,67824
OPH,20260928,2.36,2.37,2.35,2.36,203788
OPPT,20260928,1.7,1.705,1.7,1.7,116907
OR3,20260928,0.065,0.065,0.06,0.061,647116
ORA,20260928,1.4,1.41,1.385,1.395,3386751
ORD,20260928,0.535,0.535,0.51,0.51,11572
ORE,20260928,3.2,3.24,3.2,3.23,551
ORG,20260928,10.82,10.97,10.79,10.95,3931465
ORI,20260928,23,23.39,22.96,23.21,1660903
ORN,20260928,0.024,0.0245,0.024,0.024,649165
ORP,20260928,0.115,0.115,0.105,0.105,819250
OSL,20260928,0.85,0.875,0.815,0.86,54099
OSM,20260928,0.66,0.6625,0.65,0.65,41842
OSX,20260928,0.004,0.0045,0.004,0.0045,690000
OVT,20260928,0.002,0.002,0.002,0.002,19748533
OZBD,20260928,42.7,42.74,42.69,42.7,326531
OZF,20260928,29.74,29.74,29.64,29.64,751
OZM,20260928,0.081,0.082,0.08,0.081,30152
OZR,20260928,17.84,17.84,17.59,17.59,122358
OZXX,20260928,9.81,9.82,9.81,9.82,20025
OZZ,20260928,0.026,0.026,0.024,0.024,125000
P1E,20260928,0.053,0.053,0.05,0.051,106447
PAB,20260928,0.031,0.031,0.03,0.03,517830
PAC,20260928,11.15,11.4,11.15,11.4,986
PAF,20260928,2.35,2.35,2.28,2.28,39594
PAR,20260928,0.255,0.265,0.245,0.245,3137503
PAT,20260928,0.05,0.05,0.046,0.046,230201
PAVE,20260928,12.97,12.97,12.92,12.93,13668
PAXX,20260928,5.87,5.9,5.86,5.86,22111
PBH,20260928,0.87,0.87,0.87,0.87,970
PBL,20260928,0.055,0.055,0.05,0.05,363860
PC2,20260928,1.04,1.05,1.015,1.03,119865
PCG,20260928,0.675,0.675,0.665,0.665,2575
PCI,20260928,1.1,1.105,1.095,1.095,1285111
PCK,20260928,0.097,0.097,0.097,0.097,34158
PCL,20260928,0.008,0.008,0.007,0.007,2191264
PCX,20260928,1.985,2,1.985,2,91389
PDI,20260928,4.68,4.7,4.51,4.58,2326060
PDN,20260928,9.54,9.57,9.34,9.36,2825901
PE1,20260928,1.38,1.38,1.31,1.33,248567
PEB,20260928,0.22,0.22,0.22,0.22,5524
PEC,20260928,0.014,0.014,0.013,0.014,3869443
PEN,20260928,0.26,0.27,0.25,0.26,1991578
PER,20260928,0.004,0.004,0.004,0.004,780000
PET,20260928,0.007,0.007,0.006,0.006,198723
PFE,20260928,0.014,0.014,0.014,0.014,3000
PFG,20260928,0.205,0.205,0.2,0.2025,5865
PFM,20260928,0.015,0.015,0.015,0.015,24301
PFP,20260928,2.82,2.85,2.75,2.83,454130
PFT,20260928,0.019,0.019,0.018,0.018,42188
PGA1,20260928,15.44,15.45,15.34,15.36,194275
PGC,20260928,0.14,0.14,0.135,0.14,338978
PGD,20260928,0.16,0.16,0.15,0.15,17075
PGF,20260928,3.22,3.25,3.21,3.23,382998
PGI2,20260928,11.5,11.52,11.45,11.46,16913
PGL,20260928,0.56,0.56,0.5,0.505,362866
PGM,20260928,0.022,0.022,0.02,0.02,290697
PGY,20260928,#FIELD!,#FIELD!,#FIELD!,#FIELD!,#FIELD!
PHO,20260928,0.165,0.17,0.165,0.17,493548
PHX,20260928,0.098,0.098,0.083,0.093,375660
PIA,20260928,1.085,1.095,1.085,1.09,1945
PIC,20260928,1.13,1.135,1.12,1.125,246666
PIL,20260928,0.004,0.004,0.004,0.004,4201000
PIM,20260928,0.038,0.038,0.038,0.038,48750
PIQ,20260928,0.115,0.125,0.115,0.125,45973
PIXX,20260928,4.92,4.92,4.9,4.91,21351
PKD,20260928,0.031,0.031,0.029,0.031,120200
PKO,20260928,0.012,0.012,0.01,0.01,6370121
PKP,20260928,0.016,0.016,0.016,0.016,25145
PKY,20260928,0.025,0.028,0.025,0.027,432940
PL3,20260928,0.115,0.125,0.115,0.12,46992
PL8,20260928,1.415,1.425,1.4,1.4,291147
PL9,20260928,0.006,0.006,0.005,0.0055,1511811
PLA,20260928,0.375,0.375,0.375,0.375,43073
PLC,20260928,0.006,0.006,0.006,0.006,1552025
PLG,20260928,0.032,0.032,0.031,0.031,50000
PLS,20260928,3.8,3.905,3.76,3.84,29322872
PLT,20260928,0.75,0.765,0.74,0.745,76278
PLUS,20260928,16.51,16.51,16.48,16.48,10237
PLY,20260928,0.105,0.11,0.105,0.11,109994
PM1,20260928,0.059,0.06,0.059,0.06,176541
PME,20260928,161,162.58,158.93,162.15,118186
PMM,20260928,0.17,0.17,0.17,0.17,28
PMT,20260928,0.465,0.465,0.435,0.44,1973592
PMV,20260928,11.72,11.99,11.72,11.81,415411
PNC,20260928,0.66,0.66,0.65,0.65,23320
PNI,20260928,13.05,13.16,12.16,12.92,2739227
PNN,20260928,0.14,0.14,0.135,0.135,1588373
PNR,20260928,2.92,2.99,2.81,2.85,2428168
PNT,20260928,0.007,0.007,0.007,0.007,142857
PNV,20260928,0.96,0.96,0.925,0.93,664240
POD,20260928,0.031,0.031,0.03,0.03,1584516
POL,20260928,0.865,0.865,0.815,0.815,601608
POW,20260928,0.225,0.225,0.215,0.215,162040
PPC,20260928,1.7,1.7,1.62,1.64,585623
PPE,20260928,0.58,0.58,0.565,0.57,68245
PPK,20260928,0.36,0.36,0.34,0.355,44497
PPL,20260928,0.029,0.029,0.029,0.029,55483
PPM,20260928,1.695,1.695,1.675,1.675,134568
PPS,20260928,0.54,0.545,0.5275,0.53,1065538
PPT,20260928,16.76,17.05,16.68,17,473259
PPY,20260928,0.009,0.009,0.009,0.009,291999
PR1,20260928,0.3,0.3,0.3,0.3,27500
PR2,20260928,0.063,0.064,0.06,0.06,308784
PRG,20260928,1.545,1.545,1.545,1.545,10
PRM,20260928,0.001,0.001,0.001,0.001,656667
PRN,20260928,2.17,2.22,2.15,2.15,1279324
PRO,20260928,0.061,0.061,0.061,0.061,6763
PRU,20260928,6.63,6.71,6.435,6.46,4631264
PRX,20260928,0.055,0.055,0.055,0.055,411
PSC,20260928,0.22,0.22,0.205,0.205,359060
PSL,20260928,0.037,0.039,0.036,0.038,979962
PTL,20260928,0.023,0.023,0.023,0.023,273127
PTN,20260928,0.05,0.05,0.047,0.048,911670
PTR,20260928,0.096,0.097,0.093,0.093,170327
PTX,20260928,0.068,0.072,0.068,0.07,532870
PUR,20260928,0.086,0.086,0.079,0.082,737530
PV1,20260928,0.007,0.007,0.007,0.007,253000
PVE,20260928,0.115,0.115,0.105,0.105,135661
PVL,20260928,0.12,0.12,0.12,0.12,455830
PVT,20260928,0.016,0.017,0.015,0.017,3787568
PWH,20260928,10.09,10.22,9.98,10.07,97681
PWN,20260928,0.01,0.01,0.01,0.01,300000
PWR,20260928,0.745,0.745,0.7,0.705,463531
PXA,20260928,6.61,6.63,6.495,6.54,512711
PXR,20260928,0.001,0.001,0.001,0.001,11000
PXX,20260928,0.022,0.022,0.021,0.021,1267786
PYC,20260928,2.8,2.8,2.7,2.75,2130618
QAL,20260928,2.2,2.22,2.12,2.18,1786413
QAN,20260928,8.93,9.02,8.93,8.98,3708749
QAU,20260928,31.97,31.97,31.35,31.37,139286
QBE,20260928,23.06,23.315,22.73,23.11,4333682
QBTC,20260928,24,24,22.97,23.13,9746
QEM,20260928,0.015,0.015,0.014,0.014,6210337
QETH,20260928,26.71,26.72,26.09,26.22,10790
QFE,20260928,0.08,0.08,0.08,0.08,19990
QFN,20260928,17.5,17.63,17.5,17.58,6807
QGFH,20260928,4.99,4.99,4.99,4.99,981
QGL,20260928,0.295,0.295,0.28,0.28,20083
QGRU,20260928,3.67,3.67,3.67,3.67,13500
QHAL,20260928,56.92,57.06,56.86,56.89,40124
QHSM,20260928,33.2,33.2,33.1,33.12,4775
QLTY,20260928,33.69,33.7,33.55,33.6,61771
QMAX,20260928,30.76,30.76,30.5,30.52,5160
QMIX,20260928,35.64,35.72,35.59,35.64,19262
QML,20260928,0.07,0.074,0.069,0.072,3683484
QNDQ,20260928,18.46,18.51,18.36,18.37,5433
QNTM,20260928,21.24,21.3,20.7,20.7,1546
QOZ,20260928,19.09,19.25,19.08,19.14,96161
QPON,20260928,26.33,26.33,26.31,26.33,108376
QRE,20260928,10.25,10.26,10.11,10.11,130218
QRI,20260928,1.51,1.525,1.495,1.515,976248
QSML,20260928,31.05,31.23,31.05,31.08,82594
QUAL,20260928,62.81,62.97,62.73,62.75,99526
QUE,20260928,0.05,0.05,0.05,0.05,1
QUS,20260928,55.14,55.14,54.84,55.04,48333
QXR,20260928,0.003,0.003,0.003,0.003,100000
QYLD,20260928,11.29,11.29,11.12,11.12,6501
R3AL,20260928,1.45,1.455,1.445,1.45,6387
R8R,20260928,0.12,0.12,0.11,0.11,206290
RAC,20260928,2,2,1.9275,1.93,73773
RAD,20260928,0.007,0.0075,0.007,0.007,2738943
RAG,20260928,0.019,0.019,0.019,0.019,3000
RAN,20260928,0.092,0.092,0.092,0.092,494
RAP,20260928,0.023,0.023,0.022,0.022,293478
RARI,20260928,28.16,28.34,28.15,28.31,4320
RAS,20260928,0.019,0.019,0.019,0.019,6148
RAU,20260928,0.28,0.28,0.28,0.28,82830
RB6,20260928,0.14,0.14,0.14,0.14,3170
RBR,20260928,0.017,0.017,0.016,0.016,60000
RBTZ,20260928,14.21,14.29,14.08,14.08,31406
RBX,20260928,0.025,0.025,0.025,0.025,271
RC1,20260928,0.077,0.077,0.077,0.077,6558
RCAP,20260928,1.765,1.775,1.765,1.77,353683
RCB,20260928,19.59,19.62,19.59,19.59,23203
RCE,20260928,0.335,0.34,0.32,0.33,38272
RCKT,20260928,10.1,10.1,9.88,9.97,28589
RCL,20260928,0.055,0.055,0.055,0.055,31717
RCM,20260928,0.029,0.03,0.028,0.028,876918
RCR,20260928,0.015,0.016,0.014,0.016,1364391
RCT,20260928,4.64,4.64,4.63,4.63,13880
RDM,20260928,0.14,0.14,0.135,0.135,98946
RDN,20260928,0.003,0.003,0.003,0.003,377637
RDS,20260928,0.003,0.003,0.003,0.003,1400000
RDV,20260928,33.82,34.06,33.82,33.98,4183
RDX,20260928,3.47,3.49,3.4,3.47,297602
RDY,20260928,1.4,1.4,1.38,1.38,24236
REA,20260928,146.31,148.74,145.45,148.53,136410
REC,20260928,0.037,0.038,0.036,0.036,1469984
REE,20260928,0.013,0.013,0.0115,0.012,4527690
REG,20260928,4.5,4.53,4.41,4.48,1458324
REH,20260928,16.02,16.59,16.02,16.59,523552
REIT,20260928,16.13,16.24,16.12,16.23,55534
REM,20260928,0.022,0.022,0.022,0.022,87454
REP,20260928,0.415,0.42,0.41,0.415,367803
RESM,20260928,20.56,20.56,19.78,19.78,2971
REV,20260928,1.975,1.985,1.97,1.98,820816
REZ,20260928,0.009,0.009,0.009,0.009,344403
RF1,20260928,3.42,3.42,3.3,3.34,70997
RFF,20260928,1.935,1.935,1.92,1.93,306512
RFG,20260928,1.06,1.09,1.045,1.07,21540
RFT,20260928,0.005,0.005,0.005,0.005,120000
RG1,20260928,2.58,2.6,2.56,2.58,277695
RG8,20260928,2.57,2.58,2.57,2.58,66575
RGB,20260928,18.42,18.42,18.36,18.36,8590
RGL,20260928,0.0105,0.011,0.01,0.01,367430
RGN,20260928,2.16,2.2,2.15,2.2,1474588
RGOS,20260928,22.28,22.28,22.24,22.24,1699
RGT,20260928,0.032,0.033,0.032,0.032,15035
RHC,20260928,55.22,55.57,54.98,55.56,608196
RHI,20260928,4.22,4.24,4.06,4.16,19874
RHT,20260928,0.069,0.069,0.067,0.067,203971
RHY,20260928,0.082,0.083,0.082,0.083,9127
RIC,20260928,2.56,2.57,2.53,2.53,478346
RIE,20260928,0.018,0.018,0.018,0.018,19541
RIIF,20260928,1.205,1.205,1.2,1.205,155775
RIM,20260928,0.011,0.0115,0.011,0.011,5858258
RIO,20260928,164.04,164.59,162.21,163.04,842125
RIV,20260928,1.2,1.2,1.18,1.18,229895
RKB,20260928,0.003,0.003,0.0025,0.0025,9566666
RKN,20260928,0.42,0.42,0.42,0.42,3084
RKT,20260928,0.021,0.022,0.021,0.022,605300
RLC,20260928,0.002,0.002,0.002,0.002,103391
RLF,20260928,0.0275,0.028,0.027,0.028,643121
RLG,20260928,0.005,0.006,0.005,0.005,19744237
RMBS,20260928,25.01,25.04,25.01,25.04,3148
RMC,20260928,0.82,0.82,0.8025,0.805,149865
RMD,20260928,31.47,31.66,31.4,31.64,604530
RMI,20260928,0.125,0.14,0.125,0.13,785082
RML,20260928,0.043,0.045,0.039,0.04,36994946
RMS,20260928,3.87,3.9,3.71,3.73,7039020
RMX,20260928,0.013,0.013,0.012,0.012,2359784
RMY,20260928,0.016,0.016,0.016,0.016,190526
RND,20260928,2.21,2.24,2.2,2.2,11064
RNT,20260928,0.063,0.063,0.061,0.061,156249
RNU,20260928,0.057,0.057,0.055,0.056,255860
RNV,20260928,0.074,0.077,0.073,0.073,81316
RNX,20260928,0.002,0.002,0.002,0.002,699370
ROAR,20260928,10.23,10.23,10.23,10.23,1100
ROBO,20260928,92.84,92.84,91.24,91.24,5994
ROC,20260928,0.23,0.24,0.225,0.225,158620
ROG,20260928,0.001,0.001,0.001,0.001,7348722
RON,20260928,0.165,0.165,0.165,0.165,200000
ROYL,20260928,14.26,14.26,13.86,13.86,83057
RPL,20260928,2.3,2.35,2.28,2.31,1355023
RPM,20260928,0.012,0.012,0.012,0.012,647319
RR1,20260928,0.013,0.013,0.013,0.013,1854202
RRE,20260928,0.086,0.086,0.086,0.086,10084
RRL,20260928,7.67,7.77,7.43,7.44,3245517
RRR,20260928,0.05,0.05,0.05,0.05,150000
RSG,20260928,1.22,1.23,1.1475,1.165,7319739
RSM,20260928,20.01,20.02,19.99,20.01,2295
RSSL,20260928,11.2,11.2,11.14,11.16,7346
RTG,20260928,0.041,0.041,0.04,0.04,161300
RTH,20260928,0.61,0.61,0.58,0.61,6556
RTR,20260928,0.058,0.058,0.052,0.052,2260868
RVT,20260928,0.1,0.1,0.1,0.1,42939
RWC,20260928,4.68,4.73,4.665,4.71,3650198
RWD,20260928,0.028,0.028,0.028,0.028,291790
RWL,20260928,0.295,0.385,0.29,0.31,533646
RXL,20260928,0.605,0.615,0.575,0.585,2632604
RYD,20260928,2.19,2.2,2.16,2.16,33534
RYM,20260928,1.695,1.695,1.565,1.585,1528
RZI,20260928,0.51,0.51,0.51,0.51,90
S2R,20260928,0.0635,0.064,0.0635,0.064,772147
S32,20260928,4.93,4.96,4.83,4.88,31028226
S3GO,20260928,6.76,6.76,6.76,6.76,200
S66,20260928,0.14,0.14,0.14,0.14,3145
SAN,20260928,0.01,0.01,0.01,0.01,10000
SB2,20260928,0.59,0.59,0.585,0.585,970
SBHI,20260928,49.85,49.85,49.85,49.85,500
SBM,20260928,0.855,0.855,0.8175,0.825,16145506
SBR,20260928,0.006,0.006,0.006,0.006,260318
SBSL,20260928,50.38,50.38,50.38,50.38,1026
SBZ,20260928,0.125,0.135,0.12,0.135,67404
SCG,20260928,3.39,3.41,3.36,3.41,6733765
SCN,20260928,0.021,0.021,0.021,0.021,140900
SCP,20260928,4.37,4.37,4.33,4.33,2821
SCX,20260928,0.295,0.305,0.285,0.29,251666
SDF,20260928,5.74,5.76,5.74,5.75,10423413
SDR,20260928,2.61,2.64,2.56,2.57,1345490
SDV,20260928,0.16,0.16,0.155,0.155,113364
SEA,20260928,1.47,1.55,1.38,1.55,130870
SEC,20260928,2.13,2.13,2.12,2.13,9609
SEG,20260928,0.27,0.27,0.2675,0.27,34271
SEK,20260928,10.99,11.18,10.86,11.12,1719888
SEMI,20260928,39.2,39.49,38.49,38.5,143871
SEN,20260928,3,3,2.9,2.9,1889
SEQ,20260928,0.049,0.049,0.049,0.049,21017
SER,20260928,0.205,0.205,0.195,0.195,19558
SET,20260928,2.11,2.15,2.11,2.15,102618
SFC,20260928,18.62,18.62,18.62,18.62,1
SFG,20260928,#FIELD!,#FIELD!,#FIELD!,#FIELD!,#FIELD!
SFIF,20260928,10.78,10.78,10.78,10.78,59250
SFM,20260928,0.23,0.24,0.23,0.24,12001648
SFR,20260928,22.33,22.39,21.85,21.85,1383543
SFX,20260928,0.038,0.04,0.038,0.04,11822
SFY,20260928,76.34,76.85,76.34,76.55,4396
SGA,20260928,0.069,0.069,0.069,0.069,1397
SGC,20260928,1.29,1.29,1.145,1.2,209523
SGH,20260928,36.12,36.19,35.85,36.1,346233
SGI,20260928,1.295,1.3,1.275,1.3,29112
SGLLV,20260928,12,12.05,11.81,11.96,27086
SGM,20260928,24.11,24.38,23.92,24.07,703723
SGP,20260928,4.01,4.11,4,4.09,14575679
SGQ,20260928,0.067,0.067,0.063,0.065,9692550
SGR,20260928,0.13,0.13,0.12,0.12,6224702
SHA,20260928,7.31,7.35,7.1,7.15,62453
SHE,20260928,0.011,0.011,0.011,0.011,250000
SHG,20260928,0.185,0.195,0.185,0.195,108157
SHJ,20260928,0.745,0.745,0.67,0.67,10020
SHL,20260928,18.8,19.03,18.67,19.01,2647937
SHM,20260928,0.77,0.77,0.74,0.74,25078
SHN,20260928,0.037,0.037,0.035,0.035,3319385
SHO,20260928,0.045,0.045,0.044,0.044,43936
SHV,20260928,4.33,4.33,4.18,4.26,376163
SIG,20260928,2.55,2.57,2.55,2.56,14228539
SIO,20260928,0.145,0.15,0.145,0.15,68574
SIQ,20260928,11.24,11.24,11.06,11.22,506540
SIS,20260928,0.004,0.004,0.004,0.004,87500
SIV,20260928,0.145,0.15,0.135,0.15,168
SIX,20260928,0.051,0.051,0.05,0.05,629000
SK1,20260928,2.83,2.83,2.63,2.8,198274
SKC,20260928,0.53,0.54,0.52,0.52,100041
SKG,20260928,1.07,1.08,1.0475,1.07,3598558
SKK,20260928,0.019,0.019,0.018,0.018,24850871
SKM,20260928,0.265,0.265,0.255,0.255,123449
SKN,20260928,0.003,0.003,0.003,0.003,36866
SKO,20260928,1.225,1.225,1.225,1.225,5268
SKS,20260928,10.18,10.46,10.13,10.36,246448
SKT,20260928,2.9,2.9,2.83,2.83,1403
SKUK,20260928,0.955,0.955,0.955,0.955,286
SKY,20260928,0.2,0.205,0.185,0.185,1013768
SLA,20260928,0.145,0.15,0.145,0.15,164023
SLB,20260928,0.275,0.28,0.265,0.27,59085
SLC,20260928,2.52,2.56,2.51,2.51,1325119
SLD,20260928,0.415,0.42,0.41,0.41,191308
SLF,20260928,11.14,11.23,11.1,11.2,56989
SLM,20260928,0.062,0.062,0.056,0.062,5464231
SLS,20260928,2.77,2.82,2.56,2.66,1386757
SLVM,20260928,40.75,40.75,39.3,39.59,44376
SLX,20260928,4.38,4.45,4.27,4.27,779106
SLZ,20260928,0.009,0.0095,0.009,0.0095,2146516
SM1,20260928,0.335,0.355,0.335,0.34,252770
SMHG,20260928,23,23.5,22.4,22.4,1236
SMI,20260928,0.545,0.575,0.51,0.515,2288244
SMLL,20260928,4.44,4.46,4.41,4.42,72654
SMM,20260928,0.011,0.011,0.01,0.011,2956789
SMN,20260928,0.355,0.355,0.34,0.355,92654
SMR,20260928,2.66,2.69,2.63,2.64,1177233
SMS,20260928,0.042,0.042,0.042,0.042,76000
SMX,20260928,0.016,0.016,0.016,0.016,200000
SNAS,20260928,9.71,9.87,9.67,9.83,73485
SNC,20260928,0.735,0.75,0.735,0.75,40625
SND,20260928,0.7925,0.7925,0.79,0.79,2265
SNG,20260928,0.04,0.041,0.04,0.041,150506
SNL,20260928,34.11,34.67,33.77,34.28,64983
SNM,20260928,0.39,0.4,0.385,0.4,211290
SNS,20260928,0.029,0.029,0.029,0.029,205571
SNT,20260928,0.0235,0.024,0.021,0.023,3195158
SNX,20260928,0.11,0.11,0.1075,0.11,55504
SNZ,20260928,6.18,6.18,6.18,6.18,1
SOC,20260928,0.038,0.038,0.038,0.038,9899
SOL,20260928,46.87,48.2,46.77,47.15,701320
SOM,20260928,0.32,0.32,0.3,0.31,43757
SOP,20260928,0.105,0.11,0.095,0.096,4341410
SOR,20260928,0.043,0.043,0.04,0.041,238523
SP3,20260928,0.008,0.008,0.008,0.008,269843
SP8,20260928,0.007,0.007,0.007,0.007,1416666
SPA,20260928,0.076,0.076,0.075,0.075,57132
SPD,20260928,2.055,2.055,1.865,1.865,116286
SPG,20260928,0.072,0.073,0.069,0.07,11233822
SPHX,20260928,11,11,11,11,500
SPK,20260928,1.56,1.585,1.55,1.585,1172084
SPL,20260928,0.855,0.86,0.81,0.82,944407
SPN,20260928,0.175,0.175,0.165,0.165,230175
SPQ,20260928,0.004,0.004,0.003,0.003,661929
SPX,20260928,0.002,0.0025,0.002,0.002,417160
SPY,20260928,1094.5,1098.54,1093.64,1094.25,433
SPZ,20260928,0.745,0.745,0.7,0.71,1074753
SQX,20260928,0.05,0.05,0.05,0.05,500000
SRG,20260928,4.01,4.01,3.92,3.99,1173253
SRH,20260928,0.105,0.105,0.105,0.105,8470
SRJ,20260928,0.004,0.005,0.004,0.004,15533001
SRK,20260928,0.019,0.019,0.019,0.019,86666
SRL,20260928,21.4,22.13,20.505,21.12,786237
SRN,20260928,0.021,0.021,0.021,0.021,41940
SRR,20260928,0.028,0.028,0.028,0.028,7000
SRV,20260928,5.65,5.68,5.53,5.53,77582
SRZ,20260928,0.405,0.415,0.39,0.405,451371
SS1,20260928,1,1,0.955,0.96,608742
SSG,20260928,1.29,1.315,1.29,1.29,46090
SSH,20260928,0.14,0.14,0.14,0.14,7000
SSL,20260928,8.65,8.65,8.6,8.6,17382
SSM,20260928,2.42,2.46,2.405,2.42,2260143
SSO,20260928,14.4,14.4,14.22,14.23,10983
SST,20260928,9.12,9.12,9.08,9.08,1250
STG,20260928,0.115,0.115,0.115,0.115,6201
STH,20260928,0.12,0.12,0.12,0.12,98487
STK,20260928,0.064,0.064,0.062,0.062,2238832
STM,20260928,0.1975,0.1975,0.185,0.185,397599
STN,20260928,0.51,0.5125,0.48,0.49,1362351
STO,20260928,8.52,8.66,8.48,8.58,11463532
STP,20260928,0.135,0.135,0.135,0.135,40253
STV,20260928,0.006,0.006,0.006,0.006,100000
STW,20260928,78.34,78.71,78.27,78.46,42364
STX,20260928,0.115,0.115,0.11,0.11,1767547
SUBD,20260928,25.21,25.23,25.2,25.23,241335
SUH,20260928,0.031,0.031,0.031,0.031,13333
SUL,20260928,12.34,12.62,12.3,12.62,572241
SUN,20260928,18.61,19.19,18.55,19.06,3447470
SVG,20260928,0.006,0.006,0.006,0.006,1384445
SVL,20260928,0.145,0.15,0.14,0.14,20068096
SVM,20260928,0.48,0.485,0.46,0.485,885964
SVNP,20260928,1.735,1.735,1.72,1.72,1049
SVR,20260928,1.48,1.485,1.43,1.455,157238
SVY,20260928,0.015,0.015,0.014,0.014,1114809
SWP,20260928,0.074,0.074,0.074,0.074,2550
SWTZ,20260928,2.31,2.33,2.3,2.33,21641
SX2,20260928,12.42,12.495,11.95,12.13,342691
SXE,20260928,4.75,4.84,4.74,4.81,552791
SXL,20260928,0.54,0.56,0.54,0.55,199386
SYI,20260928,31.56,31.92,31.56,31.86,30767
SYL,20260928,2.81,2.81,2.65,2.7,335077
SYR,20260928,0.077,0.0775,0.069,0.071,12075226
T3D,20260928,0.04,0.04,0.04,0.04,10001
T3MP,20260928,73.73,73.87,73.61,73.61,115
T88,20260928,0.042,0.045,0.042,0.045,16122
T92,20260928,0.045,0.045,0.038,0.043,1290866
TAH,20260928,0.92,0.92,0.895,0.895,4961446
TAL,20260928,0.05,0.05,0.045,0.045,49623
TAM,20260928,0.075,0.076,0.074,0.076,213898
TAR,20260928,0.021,0.022,0.021,0.022,89427
TAS,20260928,0.03,0.03,0.027,0.028,894352
TAT,20260928,0.015,0.015,0.014,0.014,2705496
TBIL,20260928,47.77,47.84,47.75,47.81,1376
TBN,20260928,0.25,0.255,0.245,0.245,1872168
TBR,20260928,5,5.08,4.93,5,10826
TCAP,20260928,9.55,9.55,9.55,9.55,858
TCF,20260928,4.65,4.66,4.19,4.62,70580
TCG,20260928,0.86,0.87,0.835,0.835,1043377
TCL,20260928,13,13.07,12.95,12.97,3771305
TCO,20260928,2.6,2.6,2.6,2.6,3829
TD1,20260928,0.088,0.088,0.088,0.088,3
TDO,20260928,#FIELD!,#FIELD!,#FIELD!,#FIELD!,#FIELD!
TEA,20260928,10.7,10.8,10.56,10.69,396047
TECH,20260928,120.55,120.84,119.58,120.09,3371
TEE,20260928,0.04,0.04,0.037,0.037,250265
TEK,20260928,0.105,0.105,0.105,0.105,241024
TEM,20260928,0.005,0.005,0.005,0.005,100000
TER,20260928,0.079,0.079,0.076,0.079,1166135
TET,20260928,0.43,0.43,0.39,0.43,17122
TFL,20260928,0.005,0.005,0.005,0.005,22447
TG1,20260928,0.011,0.011,0.01,0.01,1505307
TG6,20260928,0.23,0.23,0.23,0.23,2500
TGF,20260928,2.74,2.74,2.62,2.65,57202
TGH,20260928,0.023,0.023,0.023,0.023,20916
TGM,20260928,0.18,0.19,0.18,0.18,69055
TGN,20260928,0.275,0.28,0.25,0.255,15160275
THL,20260928,2.26,2.27,2.25,2.25,1182
THR,20260928,0.01,0.01,0.01,0.01,101900
TIA,20260928,0.17,0.17,0.17,0.17,18
TIO,20260928,0.084,0.084,0.084,0.084,158070
TIP,20260928,1.37,1.37,1.37,1.37,1206
TKM,20260928,0.054,0.054,0.051,0.051,658648
TLC,20260928,4.81,4.835,4.75,4.78,8658729
TLG,20260928,0.275,0.275,0.275,0.275,201025
TLM,20260928,0.068,0.068,0.068,0.068,80978
TLS,20260928,4.78,4.83,4.76,4.81,26554733
TLX,20260928,15.97,16.34,15.72,16.09,1770667
TM1,20260928,0.1725,0.175,0.165,0.165,1034593
TMB,20260928,0.038,0.038,0.038,0.038,19000
TMK,20260928,0.125,0.125,0.12,0.12,58527
TML,20260928,0.047,0.047,0.047,0.047,1260
TMS,20260928,0.008,0.008,0.008,0.008,42000
TMX,20260928,0.003,0.003,0.0025,0.003,1686664
TNC,20260928,0.365,0.365,0.345,0.36,162750
TNE,20260928,29.09,29.28,28.75,29.16,647172
TNY,20260928,0.05,0.05,0.05,0.05,14639
TOK,20260928,1.33,1.33,1.295,1.3,29878
TOLL,20260928,25.2,25.22,25.1,25.22,97
TON,20260928,0.006,0.006,0.006,0.006,440981
TOP,20260928,0.57,0.57,0.57,0.57,100000
TOR,20260928,0.185,0.205,0.185,0.19,992303
TOT,20260928,0.405,0.405,0.4,0.4,7340
TOU,20260928,0.004,0.004,0.004,0.004,46792
TPC,20260928,4.2,4.2,4.2,4.2,238
TPG,20260928,3.77,3.815,3.75,3.81,3966275
TPW,20260928,4.22,4.28,4.18,4.21,352401
TR2,20260928,0.36,0.36,0.36,0.36,6902
TR8,20260928,0.016,0.017,0.016,0.017,355764
TRA,20260928,6.98,7,6.98,7,442
TRE,20260928,0.315,0.315,0.3,0.3,798090
TRI,20260928,0.011,0.011,0.01,0.01,298675
TRJ,20260928,0.26,0.26,0.25,0.26,75935
TRM,20260928,0.044,0.046,0.044,0.044,30000
TRP,20260928,0.088,0.09,0.088,0.09,198217
TRU,20260928,0.01,0.01,0.01,0.01,334436
TSK,20260928,0.063,0.063,0.063,0.063,2400
TSL,20260928,0.007,0.007,0.006,0.006,237878
TSO,20260928,0.875,0.875,0.86,0.86,27984
TSR,20260928,0.024,0.024,0.024,0.024,1000
TTM,20260928,0.57,0.58,0.535,0.58,223428
TTT,20260928,0.125,0.125,0.115,0.115,2975723
TTX,20260928,6.3,6.3,5.82,5.96,28450
TUA,20260928,1.78,1.81,1.7,1.705,5031687
TVL,20260928,0.057,0.057,0.057,0.057,20000
TVN,20260928,0.18,0.18,0.1725,0.18,1719347
TWD,20260928,2.78,2.84,2.78,2.84,702
TWE,20260928,5.39,5.435,5.36,5.41,1449330
TWL,20260928,0.105,0.105,0.105,0.105,75881
TWR,20260928,1.61,1.65,1.6,1.63,22617
TXR,20260928,0.006,0.006,0.006,0.006,939500
TYR,20260928,0.685,0.69,0.68,0.685,973688
TYX,20260928,0.002,0.002,0.002,0.002,500000
TZL,20260928,0.024,0.028,0.024,0.028,36500
TZN,20260928,0.019,0.019,0.019,0.019,33579
U100,20260928,17.29,17.29,16.98,17,8551
UBN,20260928,0.645,0.645,0.64,0.64,16091
UCM,20260928,0.012,0.012,0.012,0.012,5000
ULTB,20260928,81.77,81.84,81.63,81.7,3982
UM1,20260928,0.155,0.165,0.1525,0.16,213190
UMAX,20260928,27,27,26.86,26.94,7729
UNI,20260928,7.4,7.54,7.29,7.42,121046
UNT,20260928,0.006,0.006,0.006,0.006,1791830
UOS,20260928,0.62,0.645,0.62,0.645,3128
URAN,20260928,14.91,14.91,14.88,14.88,220
URF,20260928,0.11,0.11,0.11,0.11,10190
URNM,20260928,9.52,9.58,9.35,9.35,109844
US10,20260928,47.88,47.88,47.78,47.78,6420
USC,20260928,0.024,0.025,0.023,0.023,422246
USD,20260928,14.6,14.6,14.56,14.57,4013
USHY,20260928,9.81,9.81,9.7,9.78,3159
USIG,20260928,9.03,9.03,9.03,9.03,861
USL,20260928,0.73,0.73,0.69,0.695,1740973
USM,20260928,0.009,0.009,0.009,0.009,700000
USTB,20260928,8.61,8.62,8.59,8.59,891378
UTIP,20260928,24.88,24.89,24.84,24.88,18377
UWC,20260928,0.056,0.057,0.056,0.056,249274
UYLD,20260928,10.57,10.61,10.53,10.53,951
V1AC,20260928,2.8,2.8,2.79,2.79,641395
V500,20260928,56.86,56.86,56.59,56.65,17582
V5AH,20260928,56.57,56.59,56.44,56.49,1232
VACF,20260928,50.58,50.62,50.55,50.56,27815
VAE,20260928,113.5,113.86,112.21,112.67,9066
VAF,20260928,44.8,44.8,44.7,44.74,135728
VAL,20260928,0.26,0.275,0.26,0.275,1351469
VAN,20260928,0.034,0.034,0.032,0.032,73496
VAP,20260928,81.95,82.73,81.7,82.73,42883
VAS,20260928,108.7,109.19,108.58,108.85,344910
VAU,20260928,6.25,6.37,5.98,5.98,2290563
VBAL,20260928,20.37,20.37,20.37,20.37,1887
VBC,20260928,0.185,0.19,0.185,0.19,30582
VBLD,20260928,70.9,70.9,70.65,70.73,17685
VBND,20260928,38.58,38.79,38.48,38.48,92106
VBS,20260928,0.125,0.125,0.11,0.11,45232
VBTC,20260928,24.23,24.44,23.79,23.93,44165
VBX,20260928,0.65,0.65,0.615,0.63,197386
VCF,20260928,35.78,35.78,35.68,35.75,10247
VCX,20260928,2.27,2.29,2.26,2.28,8681810
VDAL,20260928,58.13,58.2,58,58.01,26910
VDBA,20260928,59.5,59.5,59.37,59.43,11754
VDCO,20260928,54.37,54.39,54.27,54.32,11075
VDGR,20260928,67.81,67.81,67.63,67.63,36703
VDHG,20260928,76.33,76.39,76.16,76.27,59403
VDIF,20260928,52.71,52.79,52.66,52.7,10046
VEA,20260928,3.15,3.17,3.1,3.15,6853298
VEE,20260928,0.485,0.485,0.475,0.485,15750
VEFI,20260928,41.5,41.54,41.45,41.46,4626
VEN,20260928,0.002,0.002,0.002,0.002,1061390
VEQ,20260928,89.6,89.66,89.21,89.3,6685
VESG,20260928,121.4,121.86,121.06,121.06,4439
VETH,20260928,66.44,66.89,66.44,66.64,22924
VEU,20260928,119.67,120.13,119.29,119.49,93324
VFLT,20260928,50.3,50.3,50.3,50.3,1678
VFX,20260928,0.04,0.04,0.04,0.04,22229
VFY,20260928,3.45,3.45,3.38,3.43,62728
VGAD,20260928,132.2,132.45,132.11,132.17,117847
VGB,20260928,45.24,45.24,45.15,45.15,38349
VGE,20260928,95.09,95.13,93.8,93.96,46230
VGL,20260928,2.22,2.22,2.18,2.22,1852
VGN,20260928,2.8,2.84,2.78,2.78,436739
VGRO,20260928,20.27,20.27,20.25,20.25,1608
VGS,20260928,163,163.28,162.5,162.69,165914
VHGR,20260928,20.4,20.4,20.35,20.35,359
VHL,20260928,0.012,0.012,0.012,0.012,50000
VHM,20260928,0.23,0.23,0.21,0.215,1492413
VHY,20260928,83.66,84.28,83.63,84.03,156409
VIF,20260928,35.24,35.24,35.13,35.17,35511
VIG,20260928,0.041,0.041,0.035,0.041,353627
VIHY,20260928,54.82,54.82,54.65,54.65,2000
VISM,20260928,74.38,74.38,73.89,73.9,17662
VIT,20260928,0.02,0.02,0.019,0.019,505712
VKA,20260928,0.013,0.015,0.013,0.013,18902432
VLC,20260928,89.56,89.56,88.96,89.13,5369
VLS,20260928,2.76,2.76,2.74,2.74,9267
VLUE,20260928,38.8,38.89,38.6,38.63,44567
VMC,20260928,0.125,0.125,0.11,0.11,860145
VMIN,20260928,61.65,61.81,61.49,61.72,341
VML,20260928,0.09,0.09,0.09,0.09,36598
VMM,20260928,3.5,3.55,3.27,3.28,795773
VMS,20260928,0.13,0.13,0.12,0.12,100000
VMT,20260928,0.09,0.095,0.088,0.095,79674
VNGS,20260928,3.77,3.78,3.77,3.78,21047
VNL,20260928,0.043,0.043,0.038,0.039,53587
VNT,20260928,6.13,6.145,6,6.05,1939631
VOLT,20260928,6,6,6,6,2100
VPR,20260928,0.125,0.125,0.125,0.125,5200
VR1,20260928,0.017,0.018,0.017,0.018,1818573
VR8,20260928,0.074,0.081,0.0735,0.076,7026039
VRC,20260928,0.005,0.006,0.005,0.0055,756439
VRL,20260928,0.012,0.012,0.012,0.012,172999
VRS,20260928,0.046,0.046,0.046,0.046,199956
VRX,20260928,0.039,0.039,0.036,0.037,819635
VSL,20260928,5.3,5.67,5.3,5.6,56971
VSO,20260928,72.7,72.7,71.72,71.88,35232
VSR,20260928,0.024,0.024,0.023,0.023,231933
VTA,20260928,0.029,0.029,0.029,0.029,3500
VTEK,20260928,68.35,68.35,67.55,67.78,5615
VTKH,20260928,67.39,67.51,66.91,67.01,442
VTM,20260928,1.48,1.52,1.36,1.395,345874
VTS,20260928,539.03,540,536.9,538.08,17565
VTX,20260928,0.1175,0.12,0.105,0.105,795563
VUL,20260928,1.9,1.9,1.84,1.87,4278884
VVA,20260928,1.56,1.56,1.47,1.56,86835
VVLU,20260928,80.95,81.1,80.78,80.93,38153
VYS,20260928,0.79,0.8,0.775,0.785,696510
W2V,20260928,0.0405,0.0405,0.04,0.04,55131
WA1,20260928,10.18,10.34,9.9,10.06,297067
WAA,20260928,1.04,1.05,1.035,1.05,267676
WAF,20260928,3.53,3.55,3.42,3.45,4009471
WAG,20260928,0.62,0.62,0.6,0.6,5000
WAM,20260928,1.17,1.17,1.13,1.145,3919944
WAR,20260928,1.145,1.145,1.14,1.145,95697
WAT,20260928,6.01,6.01,6.01,6.01,593
WAU,20260928,0.015,0.015,0.014,0.015,1667704
WAX,20260928,0.87,0.89,0.845,0.865,527376
WBC,20260928,34.7,35.1,34.55,35.04,4392078
WBND,20260928,48.59,48.68,48.59,48.65,74586
WBT,20260928,3.68,3.78,3.49,3.57,2578528
WC1,20260928,0.017,0.017,0.017,0.017,26995
WC8,20260928,0.29,0.29,0.275,0.28,10744180
WCE,20260928,0.077,0.077,0.073,0.075,1228218
WCMQ,20260928,10.29,10.34,10.185,10.23,68414
WCN,20260928,0.027,0.027,0.024,0.024,13545150
WDIV,20260928,21.44,21.51,21.425,21.46,27720
WDMF,20260928,56.41,56.42,56.16,56.16,673
WDS,20260928,31.72,32.09,31.44,31.77,4246804
WEB,20260928,3.38,3.42,3.36,3.41,1277277
WEC,20260928,0.305,0.31,0.295,0.295,455086
WEL,20260928,0.001,0.001,0.001,0.001,20000
WEMG,20260928,29.29,29.29,29.05,29.06,4021
WES,20260928,73.9,73.9,73.08,73.59,1075543
WGB,20260928,2.05,2.06,2.02,2.06,98832
WGN,20260928,4.29,4.29,4.13,4.13,241614
WGR,20260928,0.074,0.076,0.074,0.074,331028
WGX,20260928,5.46,5.52,5.26,5.28,4483313
WHC,20260928,7.37,7.6,7.215,7.35,6282226
WHF,20260928,4.69,4.73,4.67,4.67,133101
WHI,20260928,1.26,1.265,1.25,1.265,117134
WHK,20260928,0.003,0.0035,0.003,0.0035,8317332
WIA,20260928,0.47,0.475,0.45,0.45,1470344
WIN,20260928,0.022,0.0235,0.022,0.022,6957855
WIRE,20260928,24.35,24.42,23.85,23.85,93651
WJL,20260928,0.3,0.3,0.29,0.295,739650
WLC,20260928,4.6,4.6,4.56,4.56,2371
WLE,20260928,1.285,1.29,1.275,1.28,1123757
WMA,20260928,0.98,0.995,0.98,0.985,57994
WMG,20260928,0.15,0.155,0.15,0.155,38927
WMI,20260928,1.31,1.32,1.285,1.285,455220
WMX,20260928,1.61,1.615,1.605,1.615,225210
WNR,20260928,0.007,0.007,0.007,0.007,0
WNX,20260928,0.076,0.076,0.076,0.076,28
WOA,20260928,0.012,0.012,0.011,0.011,639378
WOR,20260928,9.63,9.67,9.545,9.59,875136
WOT,20260928,0.53,0.535,0.53,0.535,84
WOW,20260928,38.32,38.86,38.1,38.86,1308221
WPR,20260928,2.17,2.2,2.16,2.2,929021
WQG,20260928,2.15,2.15,2.09,2.1,87190
WRK,20260928,0.059,0.07,0.059,0.065,3894345
WRLD,20260928,24.09,24.09,24.05,24.05,2
WRX,20260928,0.035,0.038,0.035,0.037,541702
WSI,20260928,0.065,0.065,0.061,0.061,40000
WSR,20260928,0.006,0.006,0.006,0.006,1378475
WTC,20260928,31.33,32.09,31.02,31.85,1214708
WTL,20260928,0.16,0.16,0.15,0.155,135102
WTM,20260928,0.79,0.815,0.745,0.76,1607366
WTN,20260928,0.92,0.92,0.86,0.86,30149
WVOL,20260928,45.87,45.87,45.69,45.86,1020
WWG,20260928,0.285,0.285,0.285,0.285,7168
WWI,20260928,0.425,0.425,0.41,0.41,618206
WWWW,20260928,15.37,15.44,15.37,15.44,3252
WXHG,20260928,29.2,29.24,29.16,29.21,101363
WXOZ,20260928,50.92,51.02,50.79,50.79,7974
WYNC,20260928,26.18,26.18,26.18,26.18,40
WYX,20260928,0.038,0.038,0.038,0.038,130
WZR,20260928,0.031,0.032,0.031,0.032,2937238
X2M,20260928,0.006,0.006,0.0055,0.0055,27149964
XALG,20260928,10.34,10.34,10.32,10.32,54
XARO,20260928,25.29,25.29,25.22,25.22,4713
XASG,20260928,6.93,6.93,6.92,6.92,45
XEN,20260928,0.0025,0.0025,0.0025,0.0025,41
XF1,20260928,0.052,0.052,0.05,0.05,10972
XGL,20260928,0.007,0.007,0.007,0.007,262980
XGOV,20260928,48.19,48.24,48.16,48.18,10503
XMET,20260928,14.52,14.52,14.11,14.11,68073
XPD,20260928,0.023,0.023,0.023,0.023,593238
XPN,20260928,0.012,0.012,0.012,0.012,11779
XRA,20260928,0.335,0.335,0.32,0.32,103409
XRF,20260928,1.77,1.8,1.74,1.8,66002
XRG,20260928,0.059,0.059,0.059,0.059,6542
XRO,20260928,57.38,58.3,56.61,57.71,802332
XST,20260928,0.011,0.0115,0.011,0.011,1097453
XX20,20260928,1.205,1.205,1.205,1.205,125000
XYZ,20260928,108,108.22,107.53,107.8,78586
YAL,20260928,5.68,5.76,5.62,5.75,2017080
YANK,20260928,10.39,10.39,10.39,10.39,2525
YAR,20260928,0.004,0.004,0.003,0.003,409311
YMAX,20260928,7.26,7.31,7.26,7.29,67088
YOJ,20260928,0.21,0.235,0.21,0.235,33180
YOW,20260928,0.014,0.014,0.014,0.014,7707
YRL,20260928,0.135,0.135,0.135,0.135,4549
YUG,20260928,0.05,0.05,0.05,0.05,159430
ZAG,20260928,0.033,0.033,0.033,0.033,92
ZEO,20260928,0.072,0.072,0.068,0.068,61442
ZEU,20260928,0.0075,0.0075,0.007,0.007,4716879
ZGL,20260928,0.14,0.14,0.14,0.14,51972
ZILR,20260928,4.5,4.5,4.5,4.5,13255
ZIM,20260928,15.15,15.43,14.19,14.27,14448
ZIP,20260928,1.99,2.01,1.955,1.99,13180462
ZLD,20260928,0.5,0.5,0.485,0.5,19140
ZMI,20260928,0.022,0.022,0.022,0.022,28370
ZMM,20260928,0.0035,0.0035,0.0035,0.0035,5050000
ZNC,20260928,0.08,0.081,0.079,0.081,58895
ZNO,20260928,0.052,0.052,0.052,0.052,500
ZYAU,20260928,10.12,10.19,10.11,10.17,8382
ZYUS,20260928,13.78,13.98,13.78,13.97,8460
