Code,Date,Open,High,Low,Close,Volume
10X,20260713,0.17,0.17,0.17,0.17,0
14D,20260713,0.083,0.083,0.076,0.076,25827618
1AD,20260713,0.004,0.004,0.004,0.004,0
1AE,20260713,0.048,0.048,0.048,0.048,5155
1AI,20260713,0.014,0.014,0.0125,0.0125,1011309
1CG,20260713,0.011,0.011,0.011,0.011,0
1GOV,20260713,51.32,51.33,51.32,51.32,1726
1MC,20260713,0.025,0.025,0.025,0.025,134222
1TT,20260713,0.002,0.002,0.002,0.002,5
28BB,20260713,24.86,24.86,24.86,24.86,1
29BB,20260713,24.67,24.67,24.67,24.67,0
29M,20260713,0.25,0.2525,0.235,0.24,3666790
30BB,20260713,24.63,24.63,24.63,24.63,337
31BB,20260713,25.36,25.36,25.36,25.36,0
360,20260713,25.73,26.06,24.58,24.94,665562
3DA,20260713,0.32,0.325,0.3,0.3,1010725
3DP,20260713,0.029,0.029,0.027,0.028,157449
3PL,20260713,0.3075,0.315,0.3,0.3,386
49M,20260713,0.092,0.092,0.092,0.092,30394
4DS,20260713,0.011,0.011,0.011,0.011,0
4DX,20260713,3.98,4.21,3.93,3.97,6171692
5GG,20260713,0.016,0.016,0.016,0.016,182401
5GN,20260713,0.062,0.062,0.059,0.06,129744
5GOV,20260713,51.91,51.97,51.91,51.97,7061
6KA,20260713,0.76,0.785,0.74,0.76,93695
88E,20260713,0.02,0.021,0.018,0.018,1614127
8CO,20260713,0.039,0.039,0.039,0.039,152044
8IH,20260713,0.012,0.012,0.012,0.012,0
A11,20260713,0.3,0.3,0.2975,0.3,210041
A1M,20260713,0.73,0.77,0.715,0.76,1492246
A1N,20260713,0.25,0.25,0.25,0.25,4226
A200,20260713,146.88,147.2,146.3,146.86,83594
A2M,20260713,6.92,7.08,6.92,7,1243244
A300,20260713,51.31,51.31,51.18,51.18,2178
A3D,20260713,0.046,0.048,0.046,0.047,194233
A4N,20260713,0.615,0.615,0.585,0.585,2453460
A8G,20260713,0.12,0.12,0.12,0.12,0
AA2,20260713,0.3125,0.3125,0.31,0.31,5361
AAA,20260713,50.14,50.14,50.13,50.14,968076
AAC,20260713,1.355,1.365,1.34,1.34,110633
AAI,20260713,70.26,70.26,69.06,69.57,175369
AAJ,20260713,0.009,0.009,0.009,0.009,2176174
AAL,20260713,0.27,0.27,0.26,0.26,9632
AAM,20260713,0.038,0.038,0.034,0.035,433000
AAP,20260713,0.067,0.067,0.067,0.067,38
AAR,20260713,0.12,0.12,0.115,0.115,1142563
AASF,20260713,3.82,3.82,3.78,3.79,52067
AAU,20260713,0.007,0.008,0.0065,0.007,3858102
ABB,20260713,4.69,4.7,4.64,4.69,673613
ABE,20260713,0.012,0.012,0.012,0.012,104462
ABG,20260713,0.92,0.9225,0.91,0.915,824296
ABR,20260713,0.003,0.003,0.003,0.003,0
ABV,20260713,0.11,0.11,0.11,0.11,774
ABX,20260713,0.043,0.044,0.042,0.043,222648
ABY,20260713,0.29,0.305,0.29,0.3,9602
ACDC,20260713,133.96,134.66,130.43,130.89,14201
ACE,20260713,1.14,1.145,1.105,1.12,76734
ACF,20260713,0.88,0.895,0.875,0.88,379240
ACL,20260713,2.25,2.25,2.21,2.23,694100
ACM,20260713,0.039,0.04,0.037,0.04,117091
ACP,20260713,0.025,0.025,0.025,0.025,12
ACQ,20260713,0.905,0.905,0.905,0.905,0
ACR,20260713,0.011,0.011,0.011,0.011,2188
ACS,20260713,0.025,0.025,0.025,0.025,1097
ACU,20260713,0.077,0.077,0.077,0.077,5000
ACW,20260713,0.044,0.047,0.044,0.044,6398512
AD1,20260713,0.025,0.025,0.025,0.025,1000
AD8,20260713,2.32,2.32,2.23,2.26,124825
ADC,20260713,0.048,0.048,0.048,0.048,0
ADD,20260713,0.038,0.038,0.038,0.038,34686
ADEF,20260713,6.14,6.14,6.14,6.14,9419
ADH,20260713,1.485,1.5,1.45,1.475,247503
ADN,20260713,0.007,0.0075,0.007,0.007,1433006
ADO,20260713,0.029,0.029,0.027,0.027,2537189
ADR,20260713,0.15,0.15,0.15,0.15,66
ADS,20260713,0.001,0.001,0.001,0.001,0
ADX,20260713,0.027,0.027,0.026,0.027,294892
ADY,20260713,0.006,0.006,0.006,0.006,0
AEBD,20260713,50.22,50.29,50.22,50.23,1122
AEE,20260713,0.105,0.105,0.1,0.105,1529531
AEF,20260713,4.59,4.6,4.42,4.5,144868
AEG,20260713,0.0885,0.091,0.086,0.087,48927
AEI,20260713,0.03,0.03,0.03,0.03,0
AEL,20260713,1.365,1.375,1.31,1.32,1106760
AEM,20260713,0.42,0.42,0.42,0.42,42934
AER,20260713,0.051,0.051,0.051,0.051,0
AESG,20260713,96.66,96.68,96.56,96.64,7426
AEU,20260713,0.4,0.4,0.37,0.38,382557
AEV,20260713,0.007,0.007,0.0065,0.0065,2352468
AFA,20260713,0.065,0.065,0.065,0.065,878
AFG,20260713,1.69,1.69,1.65,1.685,377654
AFI,20260713,6.93,6.94,6.88,6.92,666593
AFL,20260713,0.13,0.135,0.13,0.135,163478
AFP,20260713,3.22,3.22,3.19,3.19,30
AGC,20260713,0.125,0.125,0.12,0.125,8557
AGD,20260713,0.13,0.135,0.115,0.13,876225
AGE,20260713,0.054,0.055,0.051,0.053,10037181
AGGG,20260713,100.53,100.53,100.53,100.53,19
AGI,20260713,1.505,1.505,1.46,1.5,29366
AGL,20260713,8.19,8.2,7.94,8.13,6702661
AGN,20260713,0.13,0.14,0.13,0.14,674369
AGR,20260713,0.019,0.019,0.018,0.018,1430740
AGVT,20260713,41.1,41.1,41.02,41.02,44034
AGX1,20260713,6.18,6.23,6.14,6.15,99487
AGY,20260713,0.045,0.047,0.042,0.045,3011413
AHC,20260713,0.2425,0.245,0.24,0.2425,137666
AHE,20260713,0.017,0.017,0.017,0.017,0
AHF,20260713,0.02,0.02,0.02,0.02,3518
AHK,20260713,0.27,0.27,0.265,0.265,5865
AHL,20260713,1.33,1.38,1.33,1.38,9975
AHN,20260713,0.004,0.005,0.004,0.004,42553
AI1,20260713,0.18,0.185,0.165,0.185,6839743
AIA,20260713,7.3,7.37,7.27,7.32,401337
AIH,20260713,0.72,0.72,0.66,0.7,123192
AII,20260713,23.42,23.8,23.38,23.56,9052
AIM,20260713,0.215,0.22,0.215,0.22,16
AINF,20260713,17.89,17.9,17.45,17.53,99973
AIQ,20260713,1.4,1.4,1.4,1.4,0
AIS,20260713,0.37,0.38,0.365,0.375,6951040
AIV,20260713,0.017,0.017,0.017,0.017,0
AIX,20260713,9.7,9.7,9.64,9.7,17934
AIZ,20260713,0.355,0.365,0.355,0.355,154743
AJL,20260713,0.008,0.008,0.008,0.008,1141
AJX,20260713,0.006,0.006,0.006,0.006,8
AKA,20260713,0.088,0.089,0.088,0.089,126307
AKG,20260713,0.06,0.06,0.06,0.06,8
AKM,20260713,0.22,0.22,0.215,0.215,8569
AKN,20260713,0.028,0.028,0.028,0.028,0
AKO,20260713,0.081,0.081,0.081,0.081,10272
AL3,20260713,0.135,0.1375,0.13,0.135,563135
ALA,20260713,0.066,0.066,0.064,0.064,327089
ALB,20260713,0.056,0.057,0.056,0.057,155000
ALC,20260713,0.0995,0.0995,0.097,0.097,2493715
ALD,20260713,35.65,36.91,35.65,36.75,1157464
ALFA,20260713,22.32,22.32,22.32,22.32,321
ALI,20260713,2.58,2.6,2.56,2.56,37637
ALK,20260713,1.4,1.425,1.37,1.385,3865895
ALL,20260713,61.45,61.64,60.85,61.34,890504
ALM,20260713,0.0125,0.013,0.012,0.012,2203752
ALPH,20260713,11.42,11.42,11.4,11.41,10120
ALQ,20260713,22.24,22.61,22.15,22.32,1048352
ALR,20260713,0.03,0.031,0.03,0.03,571059
ALTB,20260713,94.58,94.66,94.32,94.49,3314
ALV,20260713,0.027,0.027,0.027,0.027,282676
ALX,20260713,5.04,5.06,5,5.04,11949678
ALY,20260713,0.008,0.008,0.007,0.007,112400
AM3,20260713,0.005,0.005,0.005,0.005,99430
AM5,20260713,0.007,0.007,0.006,0.006,324714
AM7,20260713,0.035,0.035,0.035,0.035,1
AMA,20260713,0.455,0.465,0.455,0.455,220029
AMC,20260713,62.1,62.52,62.01,62.02,316527
AMD,20260713,0.004,0.004,0.003,0.0035,590373
AMH,20260713,0.92,0.93,0.92,0.92,106665
AMI,20260713,0.275,0.28,0.27,0.275,2586844
AMN,20260713,0.058,0.06,0.054,0.06,33165
AMO,20260713,0.091,0.091,0.085,0.085,7504
AMP,20260713,1.655,1.695,1.655,1.685,7525282
AMS,20260713,0.01,0.01,0.01,0.01,3323
AMU,20260713,0.075,0.075,0.075,0.075,61389
AMX,20260713,0.285,0.285,0.285,0.285,0
AN1,20260713,0.007,0.007,0.007,0.007,0
AN3PI,20260713,102.76,103,102.31,102.41,9879
AN3PJ,20260713,102.86,103.08,102.69,102.7,24591
AN3PK,20260713,104.199,104.2,103.85,103.85,8418
AN3PL,20260713,105.27,105.543,105.25,105.35,13789
ANG,20260713,0.15,0.15,0.145,0.145,104425
ANN,20260713,31.34,31.54,31.08,31.15,566371
ANO,20260713,0.825,0.825,0.825,0.825,0
ANR,20260713,0.01,0.01,0.01,0.01,0
ANX,20260713,0.033,0.033,0.031,0.031,1774069
ANZ,20260713,35.88,36.6,35.88,36.46,3260482
AOA,20260713,0.001,0.001,0.001,0.001,5
AOK,20260713,0.0025,0.0025,0.0025,0.0025,950000
AON,20260713,0.053,0.053,0.051,0.052,659127
AOV,20260713,6.45,6.59,6.45,6.54,217868
APA,20260713,9.92,9.955,9.78,9.93,1857450
APC,20260713,0.009,0.009,0.009,0.009,450
APE,20260713,21.25,21.25,20.45,20.91,265995
APL,20260713,0.265,0.265,0.265,0.265,205
APW,20260713,4.13,4.15,4.13,4.15,497
APX,20260713,0.91,0.92,0.87,0.88,1592921
APZ,20260713,5.16,5.17,5.05,5.14,3899553
AQC,20260713,0.0065,0.0065,0.0065,0.0065,0
AQD,20260713,0.042,0.042,0.04,0.04,319803
AQI,20260713,1.4,1.44,1.33,1.44,99027
AQLT,20260713,34.45,34.51,34.31,34.45,57564
AQN,20260713,0.4,0.4,0.39,0.39,26096
AQTY,20260713,20.04,20.04,20.03,20.03,2614
AQX,20260713,0.007,0.007,0.007,0.007,23196
AQZ,20260713,0.55,0.55,0.525,0.53,447342
AR1,20260713,0.065,0.065,0.061,0.061,2808638
AR3,20260713,0.11,0.11,0.105,0.1075,181378
AR9,20260713,0.07,0.07,0.069,0.069,275443
ARA,20260713,0.475,0.48,0.4725,0.48,8776
ARB,20260713,17.81,18.42,17.61,18.03,517704
ARC,20260713,0.075,0.075,0.075,0.075,0
ARD,20260713,0.023,0.023,0.022,0.022,623953
ARF,20260713,3.25,3.29,3.245,3.27,798549
ARG,20260713,9,9.04,8.95,9,295075
ARI,20260713,0.023,0.023,0.022,0.022,74334
ARL,20260713,0.43,0.43,0.41,0.42,45082
ARMR,20260713,22.8,22.93,22.72,22.93,26477
ARN,20260713,0.33,0.33,0.3,0.33,178122
ARR,20260713,0.38,0.385,0.365,0.365,66606
ART,20260713,0.21,0.215,0.21,0.21,35642
ARU,20260713,0.235,0.24,0.225,0.225,32259520
ARV,20260713,0.003,0.0035,0.003,0.0035,1334963
ARX,20260713,0.605,0.605,0.58,0.585,154100
AS1,20260713,0.12,0.125,0.115,0.115,1315754
AS2,20260713,0.009,0.009,0.009,0.009,26533
ASAO,20260713,1.435,1.435,1.435,1.435,548
ASB,20260713,3.72,3.74,3.48,3.54,2167261
ASG,20260713,1.67,1.675,1.62,1.62,204237
ASH,20260713,0.27,0.27,0.27,0.27,1625
ASIA,20260713,21.8,21.8,20.36,20.41,253178
ASL,20260713,2.02,2.02,1.905,1.92,297579
ASM,20260713,1.13,1.14,1.13,1.135,154702
ASN,20260713,0.044,0.045,0.043,0.044,964406
ASP,20260713,1.57,1.57,1.57,1.57,9
ASQ,20260713,0.016,0.016,0.016,0.016,15750
ASUS,20260713,19.36,19.36,19.36,19.36,0
ASV,20260713,0.044,0.047,0.044,0.047,320650
ASX,20260713,54.2,54.87,54.15,54.57,692520
AT1,20260713,0.016,0.017,0.016,0.0165,180161
AT4,20260713,0.037,0.037,0.034,0.036,9701008
ATA,20260713,0.5,0.5,0.49,0.5,53699
ATC,20260713,0.009,0.0095,0.009,0.009,214424
ATEC,20260713,22.8,22.83,22.43,22.69,95691
ATG,20260713,0.26,0.285,0.26,0.28,149841
ATH,20260713,0.61,0.64,0.6,0.635,59304
ATM,20260713,0.9,0.9,0.9,0.9,0
ATOM,20260713,20.4,20.4,19.82,19.83,80261
ATP,20260713,0.084,0.091,0.084,0.086,257178
ATR,20260713,0.62,0.625,0.62,0.62,3708
ATS,20260713,0.02,0.022,0.02,0.022,1093128
ATT,20260713,0.011,0.011,0.011,0.011,1089605
ATV,20260713,0.025,0.025,0.023,0.023,3711388
ATX,20260713,0.14,0.1425,0.135,0.14,899414
AU1,20260713,0.026,0.026,0.026,0.026,0
AUA,20260713,0.031,0.031,0.03,0.03,112357
AUB,20260713,28.46,29.11,28.32,28.89,235198
AUC,20260713,0.855,0.855,0.805,0.835,346836
AUDS,20260713,6.28,6.28,6.22,6.22,1997
AUE,20260713,0.53,0.53,0.505,0.515,223779
AUG,20260713,0.036,0.036,0.036,0.036,13
AUI,20260713,10.99,11.05,10.92,10.95,90000
AUMF,20260713,38.21,38.21,37.93,38.02,2031
AUQ,20260713,0.035,0.035,0.034,0.034,45173
AUR,20260713,0.016,0.016,0.016,0.016,0
AUST,20260713,17.7,17.7,17.65,17.65,974
AUV,20260713,0.0095,0.0095,0.0095,0.0095,10000
AUZ,20260713,0.021,0.022,0.019,0.02,4077154
AV1,20260713,0.077,0.077,0.077,0.077,21440
AVA,20260713,0.036,0.038,0.036,0.037,94308
AVD,20260713,0.1,0.1,0.095,0.095,22000
AVE,20260713,0.022,0.022,0.0205,0.0205,6511820
AVG,20260713,0.061,0.064,0.061,0.064,56232
AVH,20260713,1.19,1.19,1.15,1.15,445321
AVL,20260713,0.145,0.15,0.145,0.15,130935
AVM,20260713,0.067,0.067,0.062,0.062,283543
AVNG,20260713,11.51,11.51,11.51,11.51,0
AVR,20260713,13.48,13.48,12.79,13.18,10218
AVSV,20260713,12.04,12.04,12.01,12.03,2605
AVTE,20260713,11.97,12,11.77,11.77,2630
AVW,20260713,0.008,0.008,0.008,0.008,57200
AW1,20260713,0.034,0.036,0.034,0.034,1387945
AWJ,20260713,0.24,0.24,0.23,0.23,37222
AX1,20260713,0.715,0.72,0.71,0.71,1078191
AX8,20260713,0.005,0.005,0.005,0.005,0
AXE,20260713,0.255,0.255,0.235,0.235,1054374
AXI,20260713,0.013,0.013,0.013,0.013,0
AXL,20260713,0.08,0.08,0.08,0.08,12000
AXN,20260713,0.03,0.03,0.027,0.027,10852
AXP,20260713,0.007,0.007,0.007,0.007,0
AXQ,20260713,6.6,6.6,6,6.09,15286
AYA,20260713,5.8,5.87,5.5,5.65,592441
AYLD,20260713,10.19,10.2,10.16,10.18,18501
AYM,20260713,0.002,0.002,0.002,0.002,0
AYT,20260713,0.003,0.003,0.003,0.003,126250
AYUPA,20260713,68.91,69.191,68.91,69.1,2328
AZ9,20260713,0.016,0.016,0.016,0.016,0
AZI,20260713,0.02,0.02,0.02,0.02,5000
AZJ,20260713,4.16,4.22,4.12,4.12,17710818
AZY,20260713,0.61,0.615,0.595,0.61,238314
B1SM,20260713,6.56,6.56,6.56,6.56,0
B4P,20260713,1.33,1.335,1.3,1.335,15979
BAK,20260713,0.255,0.255,0.255,0.255,1570
BANK,20260713,9.89,9.89,9.88,9.89,23061
BAOR,20260713,2.22,2.22,2.19,2.19,23470
BAP,20260713,0.445,0.445,0.425,0.425,3275232
BAS,20260713,0.045,0.047,0.045,0.046,553311
BB1,20260713,0.63,0.635,0.605,0.635,125598
BBAB,20260713,21.13,21.13,21.13,21.13,0
BBC,20260713,0.25,0.25,0.245,0.245,27
BBFD,20260713,20.36,20.36,20.34,20.34,4248
BBL,20260713,1.27,1.305,1.27,1.28,23633
BBN,20260713,1.34,1.34,1.295,1.295,120118
BBOZ,20260713,21.39,21.56,21.3,21.38,132735
BBT,20260713,0.185,0.185,0.185,0.185,104660
BBUS,20260713,23.1,23.28,22.94,23.28,103336
BC8,20260713,0.94,0.94,0.905,0.91,980326
BCA,20260713,0.35,0.36,0.35,0.36,28916
BCC,20260713,0.053,0.055,0.053,0.055,63255
BCI,20260713,0.41,0.42,0.405,0.415,1135157
BCK,20260713,0.012,0.012,0.012,0.012,0
BCM,20260713,0.053,0.053,0.047,0.047,6082418
BCN,20260713,3.08,3.08,2.84,2.88,45853
BCOM,20260713,12.13,12.25,12.13,12.23,31971
BDCI,20260713,19.52,19.52,19.52,19.52,0
BDM,20260713,0.017,0.017,0.017,0.017,0
BDX,20260713,0.075,0.082,0.075,0.081,127348
BEAR,20260713,7.37,7.41,7.37,7.39,11755
BEL,20260713,0.011,0.011,0.011,0.011,0
BEMG,20260713,38.1,38.13,36.95,37.11,10268
BEN,20260713,10.69,10.71,10.58,10.62,784706
BENPH,20260713,102.01,102.31,101.82,101.89,4429
BENPI,20260713,105,105.5,105,105.25,3616
BEO,20260713,0.075,0.075,0.075,0.075,0
BEST,20260713,12.36,12.36,12.36,12.36,0
BET,20260713,0.17,0.18,0.17,0.175,1454174
BEZ,20260713,0.09,0.09,0.087,0.09,293000
BFG,20260713,1.495,1.495,1.475,1.49,369589
BFL,20260713,8.15,8.16,8.13,8.15,2484
BGA,20260713,5.98,6.03,5.86,5.87,585019
BGBL,20260713,85.48,85.65,85.19,85.28,78799
BGD,20260713,0.78,0.785,0.76,0.77,65235
BGE,20260713,0.023,0.025,0.023,0.025,491278
BGL,20260713,1.285,1.305,1.265,1.285,3640591
BGP,20260713,3.8,3.8,3.8,3.8,7
BGT,20260713,0.017,0.017,0.017,0.017,58823
BHD,20260713,0.21,0.21,0.21,0.21,0
BHL,20260713,0.21,0.22,0.21,0.215,24000
BHM,20260713,0.655,0.655,0.615,0.625,264412
BHP,20260713,58.64,58.89,57.64,58.34,5217206
BHYB,20260713,9.87,9.87,9.85,9.86,36079
BILL,20260713,100.56,100.56,100.53,100.54,16639
BIM,20260713,0.11,0.11,0.11,0.11,79500
BIO,20260713,0.27,0.27,0.26,0.26,93895
BIS,20260713,4.53,4.585,4.49,4.51,17865
BIT,20260713,0.0025,0.003,0.002,0.002,1104947
BKB,20260713,0.52,0.55,0.515,0.55,201852
BKI,20260713,1.825,1.845,1.825,1.84,168654
BKT,20260713,0.011,0.0115,0.011,0.011,410132
BKY,20260713,0.445,0.445,0.445,0.445,0
BLG,20260713,0.33,0.33,0.33,0.33,186479
BLS,20260713,0.9,0.97,0.88,0.97,374143
BLU,20260713,0.0035,0.0035,0.003,0.003,500006
BLX,20260713,1.69,1.76,1.65,1.695,140287
BLZ,20260713,0.001,0.001,0.001,0.001,0
BM1,20260713,0.655,0.6625,0.645,0.645,207061
BM8,20260713,0.048,0.049,0.046,0.047,182943
BMC,20260713,3,3,2.73,2.77,65800
BMH,20260713,0.013,0.013,0.013,0.013,0
BML,20260713,0.38,0.38,0.365,0.375,815419
BMM,20260713,0.054,0.054,0.054,0.054,74714
BMN,20260713,3.6,3.64,3.45,3.5,571461
BMR,20260713,0.145,0.145,0.145,0.145,9448
BMT,20260713,0.13,0.13,0.13,0.13,55795
BNDS,20260713,23.27,23.29,23.25,23.25,31011
BNKS,20260713,13.9,14.1,13.81,13.86,52009
BNL,20260713,0.006,0.006,0.005,0.006,22533877
BNR,20260713,0.039,0.039,0.039,0.039,0
BNZ,20260713,2.58,2.6,2.42,2.46,533247
BOA,20260713,0.063,0.063,0.063,0.063,31619
BOC,20260713,0.255,0.255,0.24,0.255,41639
BOE,20260713,1.38,1.385,1.28,1.3,4790800
BOL,20260713,2.18,2.19,2.15,2.18,15393
BOND,20260713,25.27,25.28,25.26,25.26,223
BOQ,20260713,6.31,6.37,6.28,6.36,1777017
BOQPF,20260713,102.979,102.98,102.9,102.9,780
BOQPG,20260713,104.3,104.89,104.3,104.79,701
BOT,20260713,0.025,0.026,0.024,0.025,12562398
BP8,20260713,0.0015,0.0015,0.0015,0.0015,0
BPG,20260713,0.4,0.405,0.39,0.4,31878
BPH,20260713,0.003,0.003,0.003,0.003,0
BPM,20260713,0.17,0.185,0.17,0.17,22587
BPP,20260713,0.0775,0.0775,0.0775,0.0775,0
BPT,20260713,0.885,0.89,0.875,0.875,6852532
BRE,20260713,4,4,3.89,3.92,207882
BRG,20260713,31.88,31.88,31.07,31.23,352859
BRI,20260713,1.43,1.44,1.43,1.44,6941
BRK,20260713,0.375,0.39,0.375,0.39,44675
BRL,20260713,0.51,0.51,0.51,0.51,2536
BRN,20260713,0.15,0.155,0.15,0.15,1700492
BRU,20260713,0.012,0.012,0.012,0.012,3446393
BRX,20260713,0.038,0.038,0.036,0.036,256666
BSA,20260713,0.3,0.31,0.3,0.3,234531
BSL,20260713,32.52,32.52,31.84,32,798258
BSN,20260713,0.03,0.03,0.03,0.03,75011
BSR,20260713,0.36,0.36,0.36,0.36,1500
BST,20260713,0.29,0.31,0.29,0.31,133736
BSUB,20260713,25.69,25.69,25.66,25.69,80266
BSX,20260713,0.039,0.04,0.037,0.04,407000
BTC,20260713,0.055,0.055,0.055,0.055,20000
BTE,20260713,0.046,0.052,0.046,0.052,76189
BTI,20260713,0.995,1.015,0.995,1.015,324547
BTL,20260713,0.28,0.28,0.26,0.27,2496949
BTM,20260713,0.17,0.17,0.16,0.16,258896
BTN,20260713,0.018,0.018,0.018,0.018,0
BTR,20260713,0.34,0.34,0.325,0.325,2032214
BTXX,20260713,19.9,19.9,19.63,19.64,1914
BUB,20260713,0.08,0.082,0.08,0.081,275338
BUGG,20260713,13.39,13.39,13.2,13.23,60030
BUR,20260713,0.023,0.023,0.023,0.023,0
BUS,20260713,0.073,0.093,0.073,0.093,117946
BUX,20260713,0.044,0.0445,0.044,0.044,518744
BUY,20260713,0.019,0.019,0.019,0.019,848980
BVR,20260713,0.405,0.415,0.385,0.385,377124
BVS,20260713,2.32,2.33,2.17,2.23,981979
BWF,20260713,0.14,0.14,0.135,0.14,2943
BWN,20260713,0.31,0.33,0.295,0.315,1248832
BWP,20260713,3.86,3.92,3.855,3.9,976847
BXB,20260713,18.59,18.78,18.52,18.76,3603465
C1X,20260713,0.125,0.125,0.105,0.105,252649
C29,20260713,0.013,0.013,0.013,0.013,0
C79,20260713,5.62,5.62,5.45,5.5,155588
C7A,20260713,0.003,0.003,0.003,0.003,4022390
CAA,20260713,10.81,10.83,10.8,10.8,1527
CAE,20260713,0.036,0.036,0.034,0.034,576735
CAF,20260713,0.4,0.4,0.395,0.395,16133
CAM,20260713,0.675,0.68,0.675,0.675,4034
CAMG,20260713,0.986,0.986,0.986,0.986,0
CAN,20260713,0.004,0.004,0.004,0.004,152271
CAQ,20260713,0.009,0.009,0.009,0.009,0
CAR,20260713,26.22,26.33,25.76,25.96,727701
CAT,20260713,3.35,3.44,3.27,3.33,761131
CAV,20260713,0.084,0.084,0.081,0.081,95948
CAY,20260713,0.091,0.091,0.087,0.091,1079976
CAZ,20260713,0.019,0.019,0.019,0.019,0
CBA,20260713,168.7,170,168,170,1064210
CBAPI,20260713,101.989,102.1,101.83,101.9,6570
CBAPJ,20260713,100.79,100.85,100.78,100.78,9955
CBAPK,20260713,104.41,104.41,104.07,104.38,7197
CBAPL,20260713,102.99,102.99,102.52,102.57,16906
CBAPM,20260713,106.191,106.98,106.011,106.07,6392
CBE,20260713,0.265,0.275,0.255,0.265,5330694
CBL,20260713,0.073,0.075,0.073,0.075,230680
CBO,20260713,3.64,3.69,3.48,3.55,765293
CBY,20260713,0.041,0.041,0.041,0.041,0
CC5,20260713,0.022,0.022,0.02,0.022,732552
CC9,20260713,0.057,0.057,0.057,0.057,0
CCA,20260713,0.073,0.074,0.071,0.071,647785
CCE,20260713,0.235,0.25,0.225,0.235,1433713
CCG,20260713,0.084,0.084,0.084,0.084,0
CCL,20260713,5,5,4.85,4.88,201533
CCM,20260713,0.024,0.024,0.024,0.024,81331
CCO,20260713,0.003,0.003,0.003,0.003,320000
CCP,20260713,12.9,13.09,12.67,12.78,237161
CCR,20260713,0.13,0.135,0.13,0.135,397925
CCV,20260713,0.31,0.325,0.31,0.31,1026181
CCX,20260713,0.06,0.07,0.058,0.069,3773647
CD1,20260713,0.32,0.32,0.32,0.32,0
CD2,20260713,0.335,0.335,0.335,0.335,18893
CD3,20260713,0.915,0.915,0.915,0.915,0
CDA,20260713,43.5,43.99,41.895,42.25,294458
CDE,20260713,0.009,0.009,0.009,0.009,653442
CDM,20260713,0.755,0.76,0.75,0.76,141482
CDO,20260713,2.33,2.33,2.33,2.33,0
CDP,20260713,5.62,5.62,5.62,5.62,1002
CDR,20260713,0.022,0.022,0.022,0.022,100000
CDT,20260713,0.074,0.074,0.073,0.073,4
CEH,20260713,0.465,0.475,0.45,0.455,24173
CEL,20260713,0.12,0.13,0.12,0.125,1420947
CEN,20260713,7.65,7.66,7.5,7.5,12877
CETF,20260713,64.02,64.02,62.97,63.19,3754
CF1,20260713,0.03,0.03,0.029,0.029,414807
CFLO,20260713,19.61,19.62,19.55,19.55,16834
CG1,20260713,0.08,0.08,0.08,0.08,0
CGF,20260713,10.6,10.61,10.41,10.56,652018
CGFPD,20260713,105.98,105.99,105.7,105.99,602
CGHE,20260713,1.405,1.405,1.4,1.4,35995
CGO,20260713,0.09,0.09,0.09,0.09,0
CGR,20260713,0.094,0.094,0.075,0.075,39073
CGS,20260713,2.95,3.01,2.88,2.88,254373
CGUN,20260713,1.38,1.38,1.38,1.38,11517
CHC,20260713,22.07,22.51,22.07,22.18,736720
CHI,20260713,2.63,2.63,2.63,2.63,0
CHL,20260713,0.185,0.185,0.185,0.185,1671
CHM,20260713,0.055,0.056,0.055,0.056,123265
CHN,20260713,1.23,1.23,1.155,1.165,1440908
CHR,20260713,0.089,0.089,0.084,0.084,127806
CHRCB,20260713,0.019,0.019,0.018,0.018,150000
CHW,20260713,0.88,0.88,0.88,0.88,625
CIA,20260713,3.97,4,3.91,3.95,2318512
CIIH,20260713,1.52,1.52,1.52,1.52,78224
CIN,20260713,33.65,33.65,33.65,33.65,811
CINPA,20260713,2.3,2.3,2.3,2.3,0
CIP,20260713,2.99,3.03,2.975,3.03,1095070
CIVH,20260713,1.15,1.15,1.145,1.145,17826
CIW,20260713,0.2975,0.2975,0.2975,0.2975,0
CKA,20260713,0.056,0.061,0.05,0.05,1000031
CKF,20260713,7.85,7.88,7.72,7.83,697453
CL8,20260713,0.013,0.013,0.013,0.013,0
CLA,20260713,0.007,0.007,0.007,0.007,51858
CLDD,20260713,13.49,13.49,13.26,13.32,29829
CLG,20260713,0.032,0.032,0.028,0.032,171572
CLNE,20260713,9.34,9.35,9.05,9.05,28002
CLU,20260713,0.01,0.011,0.01,0.011,1000000
CLV,20260713,0.76,0.78,0.76,0.78,34306
CLW,20260713,3.65,3.69,3.63,3.66,1469602
CLX,20260713,2.65,2.65,2.61,2.65,30669
CLZ,20260713,0.001,0.001,0.001,0.001,0
CMA,20260713,0.96,0.98,0.94,0.945,117564
CMB,20260713,0.405,0.405,0.405,0.405,0
CMD,20260713,0.029,0.029,0.028,0.028,35000
CMG,20260713,0.084,0.084,0.069,0.075,128046
CML,20260713,0.3675,0.3675,0.35,0.35,66676
CMM,20260713,13.18,13.29,12.7,12.87,1272900
CMO,20260713,0.007,0.007,0.007,0.007,285714
CMP,20260713,0.23,0.23,0.225,0.23,43241
CMW,20260713,0.42,0.43,0.42,0.425,1670890
CMX,20260713,0.026,0.026,0.026,0.026,0
CNB,20260713,0.56,0.56,0.515,0.535,665501
CND,20260713,0.019,0.019,0.018,0.019,592373
CNEW,20260713,8.15,8.15,7.92,7.94,25472
CNI,20260713,1.78,1.8075,1.775,1.775,3600886
CNJ,20260713,0.008,0.008,0.008,0.008,0
CNQ,20260713,0.46,0.46,0.45,0.45,19597
CNU,20260713,8,8.03,7.89,7.99,439001
COB,20260713,0.067,0.075,0.067,0.068,1057194
COD,20260713,0.12,0.12,0.115,0.115,52319
COF,20260713,0.885,0.895,0.88,0.885,868329
COG,20260713,1.42,1.44,1.385,1.44,110608
COH,20260713,122.14,122.81,120.76,121.3,233260
COI,20260713,0.09,0.09,0.086,0.087,12668535
COL,20260713,23.27,23.38,22.9,23.12,3421714
COMP,20260713,50.42,50.42,50.42,50.42,0
CORE,20260713,11.86,11.86,11.8,11.8,62849
COS,20260713,0.185,0.185,0.185,0.185,5100
COV,20260713,0.49,0.49,0.47,0.485,84803
COY,20260713,0.004,0.004,0.004,0.004,532450
CP8,20260713,0.11,0.115,0.1,0.1,41087
CPM,20260713,0.06,0.061,0.06,0.061,20665
CPN,20260713,0.12,0.12,0.11,0.11,998914
CPO,20260713,0.011,0.011,0.011,0.011,1557568
CPPR,20260713,9.7,9.7,9.59,9.62,34297
CPU,20260713,39.25,39.81,39.13,39.74,882193
CPV,20260713,0.089,0.089,0.084,0.085,664772
CQE,20260713,2.62,2.65,2.61,2.65,385575
CQR,20260713,3.9,3.93,3.89,3.93,1354246
CQT,20260713,0.021,0.022,0.021,0.022,461927
CR1,20260713,0.13,0.13,0.13,0.13,0
CR3,20260713,0.009,0.009,0.009,0.009,122500
CRB,20260713,0.009,0.009,0.009,0.009,190847
CRD,20260713,0.605,0.605,0.6,0.6,52413
CRED,20260713,22.85,22.87,22.82,22.82,47027
CRI,20260713,0.019,0.0195,0.0185,0.019,3138545
CRN,20260713,0.155,0.165,0.155,0.16,1723816
CRR,20260713,0.0075,0.0075,0.007,0.007,5120
CRS,20260713,0.084,0.084,0.081,0.083,1693645
CRYP,20260713,7.59,7.59,7.36,7.37,118218
CSC,20260713,12.99,13.15,12.79,13.06,1567042
CSL,20260713,122.55,124.18,120.1,121.34,1504392
CST,20260713,0.069,0.072,0.068,0.072,83634
CSX,20260713,0.405,0.405,0.4,0.4,1661
CT1,20260713,0.0025,0.0025,0.0025,0.0025,6
CTD,20260713,16.07,16.07,16.07,16.07,0
CTE,20260713,1.25,1.25,1.25,1.25,0
CTM,20260713,0.455,0.465,0.445,0.445,435023
CTN,20260713,0.046,0.046,0.046,0.046,6
CTO,20260713,0.014,0.014,0.012,0.013,2089712
CTP,20260713,0.06,0.065,0.06,0.065,133028
CTQ,20260713,0.012,0.012,0.012,0.012,2071011
CTT,20260713,0.21,0.21,0.205,0.205,337357
CU6,20260713,2.39,2.43,2.33,2.42,1371003
CUE,20260713,0.115,0.115,0.11,0.11,108215
CUF,20260713,0.06,0.06,0.057,0.058,589743
CUIV,20260713,1.35,1.35,1.35,1.35,0
CUL,20260713,0.006,0.006,0.006,0.006,0
CUP,20260713,1.06,1.06,1.05,1.055,82227
CURE,20260713,78.03,78.03,75.78,77.73,2477
CUV,20260713,10.6,10.74,9.905,10.22,145723
CVB,20260713,0.017,0.017,0.016,0.016,395711
CVC,20260713,1.82,1.82,1.82,1.82,0
CVL,20260713,1.84,1.84,1.8,1.805,324624
CVN,20260713,0.105,0.105,0.1,0.1,1111053
CVR,20260713,0.275,0.31,0.27,0.295,53464
CVV,20260713,0.25,0.25,0.24,0.245,259430
CVW,20260713,0.645,0.65,0.645,0.645,291133
CWP,20260713,6.85,6.91,6.84,6.84,83416
CWY,20260713,2.35,2.35,2.26,2.27,6151813
CXL,20260713,0.375,0.385,0.355,0.365,287795
CXO,20260713,0.25,0.255,0.24,0.25,12500433
CXU,20260713,0.115,0.13,0.11,0.125,8824462
CXZ,20260713,0.022,0.022,0.022,0.022,220000
CY5,20260713,0.125,0.135,0.12,0.13,7769164
CYB,20260713,0.04,0.04,0.04,0.04,0
CYC,20260713,0.525,0.525,0.485,0.49,815686
CYG,20260713,0.325,0.325,0.325,0.325,524
CYL,20260713,5.87,6.03,5.72,5.77,1613146
CYM,20260713,0.425,0.425,0.405,0.415,293569
CYP,20260713,0.013,0.014,0.013,0.014,28766
CYQ,20260713,0.005,0.005,0.005,0.005,0
CYV,20260713,0.012,0.0135,0.012,0.013,5253368
CZN,20260713,0.099,0.099,0.095,0.095,118384
CZR,20260713,0.21,0.22,0.21,0.21,600011
D3E,20260713,0.31,0.31,0.3,0.31,65672
DACE,20260713,18.53,18.53,18.41,18.44,26249
DAF,20260713,0.01,0.01,0.01,0.01,340000
DAI,20260713,0.45,0.45,0.425,0.43,620217
DAL,20260713,0.074,0.077,0.074,0.075,150300
DAOR,20260713,1.785,1.785,1.78,1.78,106810
DAVA,20260713,30.47,30.49,30.35,30.49,8787
DBBF,20260713,26.03,26.09,26.03,26.06,128
DBF,20260713,0.47,0.47,0.45,0.45,4560
DBI,20260713,5.59,5.67,5.53,5.67,531630
DBO,20260713,0.014,0.014,0.013,0.013,629664
DCC,20260713,0.026,0.026,0.024,0.026,21168073
DCOR,20260713,51.63,51.63,51.63,51.63,0
DDR,20260713,11.71,11.82,11.6,11.63,447318
DDT,20260713,0.003,0.003,0.003,0.003,0
DEL,20260713,0.105,0.105,0.1,0.1,80690
DEM,20260713,0.0935,0.097,0.092,0.097,59301
DES,20260713,0.135,0.135,0.135,0.135,0
DEV,20260713,0.25,0.2525,0.235,0.24,610393
DFGH,20260713,43.35,43.41,43.2,43.24,8675
DFND,20260713,32.89,32.89,32,32.22,30222
DGCE,20260713,32.09,32.25,32.09,32.18,10782
DGGF,20260713,28.24,28.31,28.2,28.2,2466
DGH,20260713,0.8,0.8,0.8,0.8,0
DGL,20260713,0.32,0.32,0.32,0.32,23957
DGR,20260713,0.028,0.028,0.028,0.028,904302
DGSM,20260713,38.95,38.97,38.83,38.89,9020
DGT,20260713,2.54,2.58,2.52,2.56,731288
DGVA,20260713,30.27,30.35,30.22,30.26,16685
DHHF,20260713,41.69,41.73,41.49,41.58,43684
DHOF,20260713,9.58,9.58,9.58,9.58,0
DIFF,20260713,10.04,10.05,10.04,10.05,6811
DIVI,20260713,11.23,11.27,11.19,11.27,8027
DJRE,20260713,22.68,22.76,22.59,22.7,25441
DJW,20260713,2.91,2.96,2.9,2.93,161184
DKM,20260713,0.125,0.125,0.125,0.125,0
DLI,20260713,0.175,0.175,0.165,0.17,47460
DLY,20260713,0.21,0.215,0.2,0.2,116845
DM1,20260713,0.01,0.01,0.01,0.01,0
DME,20260713,0.041,0.045,0.041,0.045,65000
DMG,20260713,0.006,0.006,0.006,0.006,50000
DMP,20260713,15.97,16.03,15.77,15.96,249262
DN1,20260713,99.69,99.89,99.61,99.89,1121
DNL,20260713,3.75,3.75,3.62,3.65,3325089
DOC,20260713,0.125,0.125,0.125,0.125,79
DOW,20260713,7.9,7.93,7.8,7.87,571805
DPM,20260713,49.82,49.82,47.19,49.07,4515
DRE,20260713,0.015,0.015,0.014,0.014,472886
DRGN,20260713,13.22,13.22,12.7,12.89,37507
DRIV,20260713,11.5,11.5,11.23,11.26,19008
DRO,20260713,2.31,2.33,2.25,2.27,5117087
DRR,20260713,4.37,4.42,4.3,4.35,1524635
DRUG,20260713,8.78,8.78,8.63,8.65,172918
DRX,20260713,0.012,0.013,0.012,0.0125,161007
DSK,20260713,0.78,0.78,0.76,0.76,21747
DSM,20260713,0.76,0.765,0.72,0.76,410776
DTEC,20260713,15.41,15.57,15.09,15.09,40275
DTL,20260713,9.48,9.49,9.295,9.43,229222
DTM,20260713,0.014,0.014,0.014,0.014,1866027
DTR,20260713,0.155,0.19,0.155,0.18,35688794
DTZ,20260713,0.028,0.028,0.024,0.024,1089558
DUB,20260713,0.01,0.01,0.009,0.009,3967164
DUG,20260713,2.18,2.18,2.13,2.16,53518
DUN,20260713,0.05,0.05,0.05,0.05,0
DUR,20260713,2.42,2.42,2.3,2.33,230336
DVL,20260713,0.029,0.029,0.028,0.028,574468
DVP,20260713,6.03,6.09,5.65,5.77,823652
DWG,20260713,0.14,0.14,0.14,0.14,29000
DXB,20260713,0.24,0.245,0.23,0.235,694881
DXC,20260713,2.68,2.68,2.63,2.64,85162
DXI,20260713,2.42,2.46,2.405,2.44,528778
DXN,20260713,0.215,0.23,0.19,0.195,2879563
DXS,20260713,5.65,5.685,5.61,5.66,1680732
DYL,20260713,1.45,1.475,1.385,1.395,4597604
DYM,20260713,0.46,0.46,0.46,0.46,0
DZZF,20260713,30.92,30.94,30.77,30.81,7617
E200,20260713,26.79,26.79,26.72,26.77,1023
E25,20260713,0.255,0.255,0.225,0.23,355714
E79,20260713,0.025,0.025,0.025,0.025,9557
EAFZ,20260713,8.97,8.97,8.75,8.75,557
EARN,20260713,20.01,20.01,20.01,20.01,1
EAX,20260713,0.4,0.4,0.4,0.4,0
EBND,20260713,10.79,10.85,10.72,10.72,40555
EBO,20260713,17.91,18.79,17.91,18.62,161309
EBR,20260713,0.4,0.41,0.385,0.39,1941763
ECH,20260713,0.355,0.355,0.345,0.345,5714
ECL,20260713,0.89,0.89,0.89,0.89,0
ECP,20260713,0.7,0.7,0.7,0.7,0
ECPGA,20260713,1.42,1.42,1.42,1.42,0
ECRD,20260713,24.89,24.89,24.85,24.87,32433
ECS,20260713,0.005,0.005,0.005,0.005,2700000
ECT,20260713,0.115,0.115,0.11,0.11,164814
EDE,20260713,0.12,0.125,0.115,0.12,314293
EDU,20260713,0.93,0.98,0.93,0.98,105190
EDV,20260713,3.44,3.49,3.43,3.48,3737196
EE1,20260713,0.005,0.005,0.005,0.005,0
EFE,20260713,0.032,0.032,0.032,0.032,0
EG1,20260713,0.024,0.024,0.022,0.023,75656
EGA,20260713,0.135,0.135,0.135,0.135,0
EGG,20260713,0.295,0.3,0.285,0.29,266328
EGH,20260713,0.645,0.65,0.64,0.64,84799
EGL,20260713,0.09,0.093,0.09,0.093,213394
EGR,20260713,0.27,0.27,0.27,0.27,7546
EGY,20260713,0.02,0.02,0.02,0.02,75000
EHL,20260713,0.99,1,0.965,0.975,597706
EIGA,20260713,3.74,3.74,3.72,3.72,622
EIQ,20260713,1.685,1.725,1.575,1.615,3778477
EL8,20260713,0.24,0.245,0.235,0.245,463302
ELD,20260713,5.54,5.59,5.47,5.55,720736
ELS,20260713,7.63,7.73,7.26,7.43,866627
ELT,20260713,0.33,0.34,0.325,0.325,58116
ELV,20260713,8.92,9.11,8.51,8.83,1617890
EM2,20260713,0.007,0.007,0.007,0.007,0
EM3,20260713,0.19,0.19,0.18,0.18,56178
EMA,20260713,0.043,0.043,0.043,0.043,0
EMB,20260713,8,8,8,8,0
EMC,20260713,0.1,0.1,0.097,0.097,45273
EMD,20260713,0.039,0.04,0.038,0.04,61911
EME,20260713,0.074,0.074,0.074,0.074,50000
EMH,20260713,0.26,0.26,0.255,0.255,38105
EMKT,20260713,35.94,35.94,34.46,34.46,110327
EML,20260713,0.355,0.355,0.335,0.335,538063
EMN,20260713,0.093,0.093,0.093,0.093,2000
EMP,20260713,0.086,0.087,0.084,0.084,618313
EMR,20260713,5.29,5.29,5.18,5.26,1128297
EMT,20260713,0.055,0.055,0.05,0.05,806931
EMU,20260713,0.021,0.021,0.021,0.021,5000
EMUCA,20260713,0,0,0,0,0
EMV,20260713,1.51,1.515,1.475,1.505,32218
EMXC,20260713,42.55,42.55,40.92,41.03,55926
ENL,20260713,0.008,0.008,0.007,0.007,185700
ENN,20260713,0.105,0.105,0.098,0.1,538309
ENP,20260713,0.034,0.0345,0.034,0.034,2695509
ENR,20260713,0.25,0.26,0.25,0.26,5175
ENT,20260713,0.003,0.0035,0.003,0.003,2864796
ENV,20260713,0.003,0.003,0.003,0.003,5
EOL,20260713,12.02,12.18,11.81,11.97,43031
EOS,20260713,8.5,8.6,8.04,8.04,2557882
EPI,20260713,0.345,0.345,0.3375,0.345,44488
EPM,20260713,0.015,0.015,0.015,0.015,1352194
EPN,20260713,0.022,0.022,0.022,0.022,67333
EPX,20260713,0.165,0.165,0.165,0.165,111
EPY,20260713,0.125,0.125,0.125,0.125,0
EQIN,20260713,3.85,3.85,3.83,3.83,37740
EQR,20260713,0.27,0.275,0.255,0.26,20333067
EQT,20260713,17.99,18.76,17.99,18.5,70821
EQU,20260713,0.35,0.36,0.33,0.33,40944
EQX,20260713,0.165,0.165,0.165,0.165,1508
ERA,20260713,0.002,0.002,0.002,0.002,0
ERD,20260713,0.85,0.9,0.84,0.855,426168
ERE,20260713,0.013,0.013,0.01,0.01,2329684
ERG,20260713,0.015,0.015,0.015,0.015,0
ERL,20260713,0.007,0.007,0.007,0.007,0
ERTH,20260713,10.8,10.81,10.69,10.7,8511
ESGI,20260713,37.61,37.75,37.52,37.53,5396
ESK,20260713,0.52,0.53,0.52,0.52,28724
ESPO,20260713,14.07,14.22,13.95,14.015,9969
ESR,20260713,0.025,0.028,0.025,0.026,1093743
ESTX,20260713,108.07,108.07,106.9,107.1,3864
ETHI,20260713,17,17,16.9,16.91,69348
ETM,20260713,0.046,0.046,0.043,0.044,1748009
ETPMAG,20260713,77.99,78.54,76.8,76.81,108365
ETPMPD,20260713,168,168,167.97,167.97,2
ETPMPM,20260713,372.66,372.66,365.62,365.62,469
ETPMPT,20260713,216,216,210.13,210.82,5821
EUR,20260713,0.34,0.34,0.3275,0.33,4354330
EV1,20260713,0.009,0.01,0.009,0.01,971750
EV8,20260713,0.46,0.46,0.46,0.46,0
EVE,20260713,0.016,0.017,0.015,0.017,1498840
EVG,20260713,0.034,0.034,0.028,0.028,8890959
EVN,20260713,11.33,11.5,11.32,11.42,5889283
EVO,20260713,0.43,0.435,0.425,0.435,101966
EVR,20260713,0.006,0.006,0.005,0.0055,1216136
EVT,20260713,12.47,12.66,12.39,12.56,109944
EVZ,20260713,0.515,0.545,0.49,0.545,303915
EWC,20260713,0.06,0.061,0.058,0.061,2575852
EX20,20260713,21.8,21.8,21.63,21.7,43302
EXL,20260713,0.007,0.007,0.007,0.007,86818
EXP,20260713,0.081,0.081,0.08,0.08,86860
EXR,20260713,0.13,0.13,0.125,0.125,916257
EXT,20260713,0.008,0.008,0.0065,0.008,12595190
EXUS,20260713,37.75,37.75,37.32,37.39,34349
EYE,20260713,0.115,0.115,0.115,0.115,594
EZL,20260713,1.355,1.38,1.35,1.37,238700
EZZ,20260713,0.43,0.435,0.43,0.435,3241
F100,20260713,15.08,15.1,15.01,15.06,17913
FAIR,20260713,18.56,18.7,18.56,18.59,75582
FAL,20260713,0.41,0.415,0.41,0.415,22240
FANG,20260713,34.5,34.68,34.28,34.37,115497
FAR,20260713,0.285,0.285,0.28,0.285,57321
FASI,20260713,11.51,11.6,11.28,11.35,21603
FAU,20260713,0.008,0.008,0.007,0.0075,5439842
FBR,20260713,0.003,0.004,0.003,0.004,14216118
FBU,20260713,2.97,3.03,2.95,3,1304211
FCAP,20260713,11.89,11.89,11.89,11.89,0
FCG,20260713,0.037,0.037,0.037,0.037,0
FCL,20260713,2.05,2.14,2.035,2.07,95535
FCT,20260713,0.008,0.009,0.008,0.008,2243548
FDC,20260713,3.45,3.5,3.3,3.38,769992
FDR,20260713,0.345,0.365,0.34,0.345,996016
FDV,20260713,0.345,0.35,0.33,0.34,87430
FEG,20260713,0.155,0.16,0.145,0.145,132219
FEIF,20260713,1.14,1.14,1.14,1.14,0
FEL,20260713,0.006,0.007,0.006,0.007,36500
FEMX,20260713,7.44,7.45,7.27,7.29,21957
FEX,20260713,0.26,0.27,0.255,0.265,1376851
FFG,20260713,0.007,0.007,0.007,0.007,0
FFI,20260713,4.4,4.4,4.39,4.39,200
FFM,20260713,1.77,1.795,1.715,1.72,5275710
FG1,20260713,0.02,0.02,0.019,0.019,151723
FGG,20260713,1.75,1.775,1.74,1.75,236862
FGH,20260713,0.012,0.012,0.011,0.011,123755
FGR,20260713,0.073,0.074,0.069,0.072,2297448
FGSE,20260713,3.59,3.59,3.59,3.59,0
FGX,20260713,1.385,1.41,1.385,1.39,141042
FHCO,20260713,6.27,6.27,6.21,6.21,166
FHE,20260713,0.23,0.23,0.215,0.22,1000747
FHNG,20260713,12.5,12.5,12.34,12.38,45356
FHS,20260713,0.002,0.002,0.002,0.002,0
FID,20260713,8.43,8.58,8.43,8.53,6410
FIIN,20260713,7.89,7.89,7.85,7.85,5
FIN,20260713,0.005,0.005,0.005,0.005,1600058
FIRE,20260713,11.06,11.06,10.92,10.99,11640
FL1,20260713,0.14,0.14,0.14,0.14,0
FLC,20260713,0.086,0.091,0.083,0.084,153426
FLG,20260713,0.17,0.185,0.17,0.185,111641
FLN,20260713,0.105,0.105,0.098,0.1,332044
FLOT,20260713,24.97,24.97,24.96,24.97,52850
FLT,20260713,12.15,12.42,12.12,12.32,849236
FLX,20260713,0.05,0.05,0.05,0.05,5000
FME,20260713,0.014,0.014,0.014,0.014,324541
FMG,20260713,18.59,18.81,18.5,18.77,4774319
FML,20260713,1.62,1.72,1.605,1.65,147111
FMN,20260713,0.155,0.155,0.155,0.155,0
FMR,20260713,0.35,0.35,0.35,0.35,40282
FND,20260713,0.405,0.405,0.405,0.405,0
FNR,20260713,0.11,0.11,0.11,0.11,0
FNX,20260713,0.18,0.18,0.18,0.18,0
FOOD,20260713,7.79,7.94,7.79,7.9,6668
FOS,20260713,0.12,0.12,0.12,0.12,0
FPC,20260713,1.265,1.265,1.265,1.265,0
FPH,20260713,33.11,33.59,32.99,33.15,271430
FPR,20260713,3.025,3.12,2.935,2.95,436794
FRAR,20260713,1.04,1.04,1.035,1.035,89
FRB,20260713,0.165,0.165,0.16,0.16,52713
FRE,20260713,0.03,0.03,0.028,0.028,409431
FRGG,20260713,1.59,1.59,1.59,1.59,655
FRI,20260713,0.71,0.71,0.705,0.705,439
FRM,20260713,0.225,0.225,0.225,0.225,226
FRS,20260713,0.4,0.405,0.37,0.38,14920687
FRW,20260713,11.89,11.89,11.89,11.89,0
FRX,20260713,0.017,0.019,0.017,0.019,29918
FSA,20260713,1.28,1.29,1.28,1.29,6848
FSCF,20260713,100.18,100.18,100.18,100.18,0
FSI,20260713,1.295,1.295,1.295,1.295,0
FSIGA,20260713,2.7,2.7,2.7,2.7,0
FSML,20260713,1.995,2.01,1.97,1.985,343543
FSUB,20260713,25.02,25.02,25.02,25.02,2693
FTI,20260713,0.8,0.81,0.77,0.785,1098632
FUEL,20260713,8.05,8.11,8,8.1,317972
FUL,20260713,0.068,0.068,0.068,0.068,8000
FUN,20260713,0.105,0.105,0.105,0.105,0
FUTR,20260713,35.97,36.01,35.84,35.84,9004
FWD,20260713,1.92,1.92,1.83,1.84,627304
FXG,20260713,0.26,0.265,0.25,0.25,565225
FZR,20260713,0.21,0.21,0.21,0.21,0
G11,20260713,0.21,0.21,0.21,0.21,0
G1C,20260713,0.05,0.05,0.05,0.05,0
G200,20260713,30.87,30.96,30.68,30.79,8060
G50,20260713,0.53,0.535,0.51,0.515,268036
G6M,20260713,0.025,0.025,0.025,0.025,0
G88,20260713,0.008,0.008,0.008,0.008,4702
GA8,20260713,0.065,0.065,0.062,0.063,790365
GAL,20260713,0.125,0.13,0.11,0.11,38586
GAME,20260713,14.22,14.23,14.09,14.16,4775
GAP,20260713,0.081,0.085,0.081,0.081,81590
GARP,20260713,12.52,12.54,12.45,12.48,62078
GAS,20260713,0.015,0.016,0.013,0.013,7884091
GBE,20260713,0.07,0.07,0.07,0.07,0
GBL,20260713,0.018,0.018,0.017,0.018,1228238
GBM,20260713,0.016,0.017,0.012,0.014,28730365
GBND,20260713,20.26,20.26,20.19,20.2,3771
GBR,20260713,0.073,0.073,0.07,0.07,7083356
GC1,20260713,0.41,0.41,0.41,0.41,41733
GC1PA,20260713,9.7,9.7,9.7,9.7,0
GCAP,20260713,8.88,8.9,8.88,8.9,599
GCI,20260713,2.08,2.08,2.07,2.07,593562
GCMDA,20260713,0.125,0.125,0.115,0.115,428826
GCQF,20260713,4.12,4.15,4.1,4.1,86795
GCR,20260713,0.002,0.002,0.002,0.002,0
GDF,20260713,1.04,1.04,1.035,1.035,4265
GDG,20260713,3.8,3.81,3.66,3.72,1042939
GDI,20260713,0.625,0.625,0.615,0.62,117605
GDM,20260713,0.34,0.34,0.34,0.34,0
GDR,20260713,0.16,0.16,0.16,0.16,9693
GDX,20260713,94.2,94.2,92.12,92.17,41404
GEAR,20260713,35.46,35.61,35.17,35.43,112249
GED,20260713,0.044,0.046,0.043,0.046,129345
GEM,20260713,0.15,0.155,0.14,0.145,5207729
GEN,20260713,0.008,0.008,0.008,0.008,0
GES,20260713,0.005,0.005,0.005,0.005,5
GFL,20260713,2.89,2.89,2.89,2.89,5
GFLGA,20260713,3.1,3.1,3.1,3.1,0
GFXD,20260713,29.93,29.93,29.93,29.93,500
GG1,20260713,0.165,0.165,0.165,0.165,0
GG8,20260713,0.315,0.315,0.3,0.315,311191
GGAB,20260713,19.5,19.59,19.5,19.59,1449
GGBL,20260713,27.7,27.86,27.64,27.65,18939
GGE,20260713,0.002,0.002,0.0015,0.002,1235579
GGFD,20260713,18.88,18.88,18.82,18.82,1061
GGOV,20260713,12.72,12.72,12.69,12.71,6689
GGP,20260713,11.01,11.01,10.64,10.81,1089454
GGR,20260713,0.145,0.145,0.145,0.145,0
GGUS,20260713,60.5,61.15,60.37,60.49,21870
GHHF,20260713,36.16,36.33,36.04,36.06,25781
GHIF,20260713,13.57,13.57,13.57,13.57,0
GHLD,20260713,63.1,63.98,62.63,62.83,132566
GHM,20260713,0.435,0.45,0.425,0.43,31162
GHRP,20260713,48.88,48.88,48.88,48.88,0
GHY,20260713,0.405,0.415,0.405,0.405,118825
GIB,20260713,0.036,0.036,0.036,0.036,0
GIVE,20260713,2.88,2.88,2.86,2.87,1095
GL1,20260713,0.46,0.46,0.42,0.445,155573
GLB,20260713,2.25,2.26,2.24,2.24,18789
GLDN,20260713,46.94,46.95,46.4,46.4,24116
GLE,20260713,0.14,0.14,0.14,0.14,0
GLF,20260713,4.58,4.6,4.49,4.5,152671
GLH,20260713,0.065,0.065,0.065,0.065,189
GLIN,20260713,31.1,31.15,30.93,31.12,114445
GLL,20260713,0.006,0.007,0.006,0.007,1172857
GLN,20260713,0.325,0.33,0.305,0.31,2987401
GLOB,20260713,4.56,4.6,4.56,4.58,287023
GLPR,20260713,28.79,28.79,28.6,28.6,12127
GLS,20260713,2.09,2.12,2.04,2.06,702294
GMD,20260713,5.66,5.95,5.66,5.88,14856206
GMG,20260713,30.15,30.31,29.69,29.92,2003947
GML,20260713,0.048,0.051,0.048,0.051,988540
GMN,20260713,0.0765,0.08,0.0765,0.078,148938
GMTL,20260713,12.13,12.13,11.72,11.74,2222
GMVW,20260713,38.01,38.07,37.94,38.07,408
GNC,20260713,4.87,5,4.85,4.94,1316428
GNDQ,20260713,39.83,39.9,39.17,39.33,7172
GNE,20260713,2.14,2.14,2.12,2.14,14294
GNG,20260713,4.8,4.93,4.71,4.92,441337
GNM,20260713,0.033,0.033,0.031,0.031,68860
GNP,20260713,9.39,9.39,9.04,9.16,761745
GOAT,20260713,25.75,25.75,25.16,25.18,41766
GOLD,20260713,53.98,53.98,53.5,53.51,113570
GOOD,20260713,50.33,50.33,50.27,50.28,202
GOVT,20260713,24.19,24.21,24.19,24.2,1971
GOW,20260713,2.15,2.15,2.15,2.15,0
GOZ,20260713,2.17,2.21,2.17,2.19,228070
GPEQ,20260713,18.56,18.56,18.49,18.52,9199
GPR,20260713,0.028,0.028,0.027,0.027,385616
GPT,20260713,4.88,4.93,4.87,4.9,5121549
GQG,20260713,1.35,1.44,1.35,1.435,3671881
GR8,20260713,0.65,0.65,0.6,0.6,5852
GRE,20260713,0.066,0.066,0.061,0.062,547073
GRIN,20260713,19.57,19.57,19.45,19.45,2910
GRL,20260713,0.02,0.02,0.018,0.019,1396358
GRNV,20260713,31.23,31.23,30.76,30.76,7033
GROW,20260713,4.05,4.05,4.05,4.05,6642
GRPA,20260713,25.77,25.77,25.77,25.77,0
GRR,20260713,0.145,0.1475,0.145,0.145,529107
GRV,20260713,0.045,0.045,0.044,0.045,976185
GRX,20260713,0.9,0.9,0.895,0.895,9397
GSCF,20260713,17.98,17.98,17.85,17.85,3915
GSM,20260713,0.012,0.012,0.012,0.012,54451
GSN,20260713,0.023,0.023,0.022,0.022,2610128
GSS,20260713,0.064,0.064,0.064,0.064,0
GSUS,20260713,14.1,14.1,14.1,14.1,0
GT1,20260713,0.018,0.018,0.018,0.018,15237
GT3,20260713,0.027,0.028,0.026,0.028,1568873
GTE,20260713,0.009,0.009,0.009,0.009,691712
GTG,20260713,0.039,0.039,0.039,0.039,0
GTI,20260713,0.031,0.033,0.03,0.03,838991
GTK,20260713,3.08,3.08,3.05,3.05,85970
GTN,20260713,0.215,0.215,0.215,0.215,2725
GTUM,20260713,24.26,24.31,23.93,23.99,29495
GUL,20260713,0.071,0.071,0.071,0.071,165332
GUM,20260713,0.089,0.09,0.089,0.09,175870
GVF,20260713,1.365,1.395,1.365,1.39,56182
GW1,20260713,0.069,0.074,0.069,0.074,491537
GWA,20260713,2.33,2.36,2.33,2.35,197715
GWR,20260713,0.1,0.105,0.1,0.1,564834
GWTH,20260713,21,21.24,20.91,20.91,2765
GXAI,20260713,17,17,16.25,16.31,82856
GXLD,20260713,59.01,59.01,58.26,58.26,17246
GYG,20260713,21.2,21.56,20.86,21.29,139288
H100,20260713,13.36,13.36,13.36,13.36,2324
H2G,20260713,0.008,0.008,0.008,0.008,228000
H3E,20260713,0.007,0.007,0.006,0.006,3487717
HACK,20260713,16.98,16.98,16.7,16.7,151544
HAL,20260713,0.016,0.016,0.016,0.016,0
HAR,20260713,0.092,0.094,0.091,0.091,1229973
HAS,20260713,0.275,0.3,0.275,0.285,791901
HAV,20260713,0.755,0.76,0.735,0.75,167987
HAW,20260713,0.072,0.072,0.072,0.072,0
HBRD,20260713,10.07,10.08,10.07,10.08,230396
HCF,20260713,0.03,0.03,0.03,0.03,0
HCH,20260713,1.63,1.65,1.53,1.555,352139
HCL,20260713,0.11,0.115,0.105,0.11,242436
HCRD,20260713,25.32,25.32,25.31,25.32,4071
HCT,20260713,0.073,0.08,0.073,0.08,20000
HCW,20260713,0.695,0.715,0.69,0.705,441610
HDN,20260713,1.275,1.29,1.2725,1.28,2330916
HE8,20260713,0.002,0.002,0.002,0.002,100982
HETH,20260713,16.98,16.99,16.87,16.88,10043
HEUR,20260713,18.24,18.24,18.06,18.06,2648
HFR,20260713,0.025,0.025,0.022,0.022,363227
HFY,20260713,0.012,0.012,0.012,0.012,21452
HGBL,20260713,85.2,85.29,84.66,84.8,53261
HGCQ,20260713,5.01,5.01,4.99,4.99,34332
HGEN,20260713,10.44,10.44,10.18,10.2,20579
HGH,20260713,1.005,1.005,1.005,1.005,826
HGO,20260713,0.063,0.064,0.061,0.063,8526120
HIO,20260713,0.014,0.015,0.014,0.014,179381
HIQ,20260713,0.01,0.01,0.009,0.01,2990501
HIT,20260713,0.93,0.93,0.92,0.92,171
HJHI,20260713,1.08,1.08,1.075,1.075,187
HJPN,20260713,31,31,30.18,30.29,24271
HLI,20260713,5.7,5.71,5.59,5.62,797552
HLO,20260713,1.525,1.525,1.48,1.485,117229
HLS,20260713,0.385,0.39,0.375,0.38,2910032
HLTH,20260713,11.69,11.69,11.54,11.54,2406
HLX,20260713,0.04,0.04,0.035,0.035,98175
HM1,20260713,3.01,3.04,2.99,3.02,236884
HMC,20260713,2.955,2.97,2.84,2.88,876395
HMD,20260713,0.039,0.039,0.038,0.039,30700
HMG,20260713,0.098,0.098,0.097,0.098,10482
HMI,20260713,0.027,0.027,0.027,0.027,0
HMND,20260713,50.5,50.61,46.46,46.46,1988
HMX,20260713,0.064,0.066,0.063,0.063,896700
HMY,20260713,0.755,0.76,0.755,0.755,386
HNDQ,20260713,56.84,57.07,56.18,56.32,53380
HOR,20260713,0.02,0.02,0.019,0.019,755000
HPC,20260713,0.004,0.004,0.004,0.004,0
HPG,20260713,0.725,0.725,0.725,0.725,0
HPR,20260713,0.086,0.086,0.086,0.086,0
HQLT,20260713,34.93,35.33,34.23,34.3,12465
HQUS,20260713,49,50.22,49,50.16,4282
HRE,20260713,0.038,0.038,0.038,0.038,0
HRN,20260713,1.085,1.085,1.085,1.085,5024
HSN,20260713,4.18,4.38,4.11,4.34,693962
HT8,20260713,0.022,0.023,0.022,0.023,94208
HTG,20260713,0.01,0.011,0.01,0.01,18742124
HTM,20260713,0.25,0.25,0.25,0.25,2004
HUB,20260713,83.65,83.65,80.88,81.52,199160
HUGE,20260713,13.08,13.08,13.04,13.04,272
HUM,20260713,0.47,0.475,0.455,0.465,2040239
HVLU,20260713,40.41,40.46,39.93,40.09,7701
HVN,20260713,4.73,4.78,4.7,4.78,1162070
HVST,20260713,13.14,13.15,13.09,13.14,15939
HVY,20260713,0.455,0.455,0.44,0.44,9938
HWK,20260713,0.025,0.025,0.024,0.025,5982422
HXL,20260713,0.013,0.013,0.013,0.013,0
HYD,20260713,0.004,0.004,0.004,0.004,403279
HYGG,20260713,6.12,6.15,6.03,6.03,155920
HYLD,20260713,33.37,33.57,33.37,33.54,3640
HYT,20260713,0.014,0.014,0.013,0.013,2419345
HZN,20260713,0.21,0.2125,0.205,0.205,1523990
HZR,20260713,0.305,0.32,0.3,0.32,141931
I88,20260713,0.125,0.125,0.12,0.12,7568
IAA,20260713,203.76,203.76,193.41,195.38,21793
IACT,20260713,30.58,30.59,30.45,30.48,6160
IAF,20260713,101.49,101.49,101.37,101.38,41588
IAG,20260713,8.23,8.38,8.18,8.35,3307528
IAGPE,20260713,104.91,105.24,104.9,105.24,1852
IAGPF,20260713,105.55,105.8,105.499,105.74,1519
IAM,20260713,0.015,0.015,0.015,0.015,25000
IBAL,20260713,30.85,30.85,30.7,30.7,2
IBC,20260713,0.425,0.425,0.425,0.425,2132
IBIT,20260713,17.48,17.59,17.1,17.17,19258
IBR,20260713,0.078,0.078,0.074,0.074,1522683
IBX,20260713,0.011,0.012,0.011,0.011,705208
ICE,20260713,0.034,0.034,0.034,0.034,1209
ICL,20260713,0.028,0.028,0.028,0.028,0
ICME,20260713,99.92,99.92,99.92,99.92,0
ICOR,20260713,94.46,94.47,94.33,94.33,12701
ICR,20260713,0.021,0.021,0.021,0.021,301963
ICU,20260713,0.001,0.001,0.001,0.001,0
ID8,20260713,0.003,0.003,0.003,0.003,7000
IDA,20260713,0.024,0.024,0.023,0.023,92362
IDT,20260713,0.032,0.033,0.032,0.033,161389
IDX,20260713,2.07,2.1,2.05,2.08,600431
IEL,20260713,2.31,2.315,2.15,2.15,2759153
IEM,20260713,96.7,97.06,94.04,94.36,35680
IEQ,20260713,0.04,0.04,0.04,0.04,0
IESG,20260713,31,31.07,30.94,31.03,17429
IEU,20260713,98.51,98.51,97.42,97.47,13027
IFG,20260713,0.007,0.007,0.007,0.007,67091
IFN,20260713,0.41,0.41,0.41,0.41,0
IFRA,20260713,25.98,26.04,25.84,26,123485
IFT,20260713,12.9,12.925,12.73,12.87,265701
IG6,20260713,0.043,0.05,0.043,0.045,320765
IGB,20260713,97.09,97.19,97.03,97.05,5681
IGL,20260713,2.83,2.84,2.77,2.78,40696
IGN,20260713,0.74,0.77,0.74,0.77,90000
IGO,20260713,6.88,6.93,6.54,6.69,4694604
IGRO,20260713,36.54,36.56,36.3,36.3,439
IHCB,20260713,91.31,91.38,91.02,91.02,2306
IHD,20260713,17.09,17.18,17.09,17.17,44739
IHEB,20260713,77.14,77.14,76.67,76.78,917
IHHY,20260713,92.81,92.83,92.49,92.81,7011
IHOO,20260713,239.32,240.71,238.9,239.06,2987
IHVV,20260713,66.02,66.13,65.75,65.84,61827
IHWL,20260713,64.34,64.39,63.87,63.99,11551
IIGF,20260713,2.82,2.82,2.8,2.82,69527
IIND,20260713,9.99,9.99,9.86,9.9,18926
IIQ,20260713,0.22,0.245,0.22,0.22,352496
IISV,20260713,3.04,3.05,3.03,3.03,90698
IJH,20260713,54.02,54.2,54.02,54.14,5718
IJP,20260713,133.25,133.78,130.92,131.26,17524
IJR,20260713,209.05,209.79,209.05,209.59,20994
IKE,20260713,0.99,0.99,0.99,0.99,0
IKO,20260713,263.15,263.15,238.48,239.71,13282
ILA,20260713,0.47,0.52,0.47,0.48,1406270
ILB,20260713,127.11,127.19,126.92,127.07,12574
ILC,20260713,34.45,34.62,34.45,34.58,17370
ILT,20260713,0.4,0.4,0.4,0.4,0
ILU,20260713,6.59,6.63,6.35,6.47,1687768
IMA,20260713,0.026,0.026,0.026,0.026,250000
IMB,20260713,0.62,0.635,0.62,0.63,956348
IMC,20260713,0.045,0.045,0.043,0.043,47064
IMD,20260713,3.89,3.93,3.775,3.84,732692
IME,20260713,0.31,0.31,0.31,0.31,5
IMI,20260713,0.008,0.008,0.008,0.008,1023007
IMLC,20260713,3.69,3.7,3.69,3.7,664
IMM,20260713,0.058,0.066,0.056,0.056,58689939
IMPQ,20260713,4.31,4.31,4.28,4.28,519
IMR,20260713,1.84,1.855,1.775,1.825,152183
IMU,20260713,0.1,0.1025,0.097,0.098,8026786
INA,20260713,4.34,4.355,4.2,4.2,3845487
INCM,20260713,20.3,20.32,20.1,20.14,16633
IND,20260713,0.1275,0.13,0.125,0.13,300669
INES,20260713,3.13,3.13,3.11,3.11,7850
INF,20260713,0.0085,0.009,0.008,0.009,1487979
ING,20260713,2.12,2.2,2.12,2.16,2060718
INIF,20260713,2.69,2.69,2.68,2.68,943
INR,20260713,0.15,0.15,0.14,0.14,3869800
INV,20260713,0.14,0.14,0.14,0.14,0
IOD,20260713,0.11,0.11,0.11,0.11,8000
ION,20260713,0.034,0.034,0.032,0.032,1550367
IOO,20260713,196.98,197.32,195.86,195.95,36758
IOV,20260713,0.525,0.55,0.52,0.54,10111
IOZ,20260713,35.28,35.37,35.14,35.28,660173
IPC,20260713,2,2,2,2,0
IPD,20260713,0.006,0.006,0.005,0.006,1201430
IPG,20260713,4.82,5.11,4.82,5.07,326589
IPH,20260713,4.01,4.09,4.005,4.04,883520
IPT,20260713,0.042,0.043,0.042,0.043,196399
IPX,20260713,3.6,3.74,3.47,3.55,1532223
IR1,20260713,0.066,0.067,0.066,0.066,229021
IRD,20260713,0.014,0.014,0.013,0.013,1699818
IRE,20260713,6.3,6.34,6.23,6.27,313992
IRI,20260713,0.2775,0.28,0.275,0.275,145393
IS3,20260713,0.245,0.245,0.245,0.245,277
ISEC,20260713,100.55,100.57,100.55,100.57,11325
ISLM,20260713,1.14,1.14,1.13,1.13,96402
ISO,20260713,5.04,5.04,5,5.02,18606
ITEK,20260713,34.62,35.16,34.62,34.62,1015
ITM,20260713,0.039,0.039,0.032,0.033,1216147
ITS,20260713,0.35,0.35,0.35,0.35,74
IUSG,20260713,99.57,99.61,99.49,99.61,308
IVE,20260713,147.24,147.35,145.8,146.2,6472
IVG,20260713,0.04,0.04,0.039,0.039,154587
IVR,20260713,0.048,0.049,0.046,0.046,10337968
IVV,20260713,72.3,72.47,72.19,72.28,344090
IVX,20260713,0.038,0.038,0.034,0.034,109852
IVZ,20260713,0.058,0.065,0.057,0.058,6181033
IWLD,20260713,70.98,71.2,70.83,70.91,19807
IXC,20260713,0.105,0.105,0.105,0.105,0
IXI,20260713,97.4,97.73,97.4,97.73,813
IXJ,20260713,142.48,142.48,140.77,141.46,23989
IXR,20260713,0.38,0.38,0.365,0.365,100219
IYLD,20260713,99.51,99.51,99.38,99.48,4347
IZZ,20260713,48,48.43,47.65,47.65,36314
J100,20260713,54.17,54.17,53.83,53.94,1024
JAL,20260713,0.045,0.045,0.045,0.045,0
JAN,20260713,0.105,0.105,0.105,0.105,3559
JAT,20260713,0.13,0.13,0.125,0.125,12732
JAV,20260713,0.093,0.093,0.088,0.088,471054
JAY,20260713,0.006,0.006,0.006,0.006,0
JBH,20260713,78.65,79.48,77.65,78.95,257062
JCS,20260713,0.03,0.03,0.03,0.03,28000
JDO,20260713,0.925,0.96,0.915,0.93,6274335
JDOPA,20260713,109.91,111,109.9,111,1625
JEGA,20260713,45.99,46.2,45.99,46.16,1580
JEME,20260713,84.58,84.62,82.43,82.78,6478
JEPI,20260713,49.38,49.39,49.19,49.2,8604
JGH,20260713,0.105,0.105,0.1,0.1,8953949
JGLO,20260713,59.94,59.94,59.64,59.72,238
JHGA,20260713,44.64,44.68,44.64,44.68,204
JHLO,20260713,59.52,59.52,59.52,59.52,0
JHPI,20260713,45.56,45.56,45.42,45.42,1096
JHX,20260713,35.33,35.54,35.02,35.02,1057819
JIN,20260713,7.27,7.39,6.94,7,365695
JLL,20260713,0.34,0.345,0.335,0.335,35812
JMS,20260713,0.265,0.27,0.26,0.265,1732258
JNDQ,20260713,21.26,21.29,21.21,21.23,1364
JNO,20260713,0.025,0.025,0.025,0.025,612
JNS,20260713,0.2,0.2,0.16,0.165,1370099
JPEQ,20260713,61.62,61.87,61.17,61.32,3024
JPHQ,20260713,56.77,56.77,55.94,56.13,1706
JPR,20260713,0.025,0.025,0.025,0.025,0
JREG,20260713,87.51,87.57,86.86,87.12,2984
JRHG,20260713,74.19,74.19,73.58,73.6,2169
JYC,20260713,6,6,5.95,5.95,1928
KAL,20260713,0.035,0.035,0.03,0.03,221946
KAM,20260713,0.059,0.059,0.059,0.059,657024
KAO,20260713,0.58,0.6,0.55,0.55,34156
KAR,20260713,1.46,1.475,1.425,1.445,6384892
KAT,20260713,1.37,1.37,1.37,1.37,0
KAU,20260713,0.19,0.195,0.18,0.18,1274556
KBC,20260713,0.047,0.047,0.047,0.047,0
KCC,20260713,0.85,0.85,0.85,0.85,8158
KCN,20260713,4.56,4.57,4.16,4.35,2401069
KEY,20260713,0.068,0.068,0.065,0.065,57251
KFM,20260713,0.078,0.078,0.076,0.076,98639
KGL,20260713,0.195,0.1975,0.195,0.195,98016
KGN,20260713,4.2,4.23,4.08,4.2,302423
KIT,20260713,1.925,1.925,1.895,1.9,223224
KKC,20260713,2.07,2.08,2.06,2.07,222806
KKO,20260713,0.035,0.035,0.035,0.035,0
KLI,20260713,0.185,0.205,0.18,0.18,267304
KLR,20260713,0.072,0.072,0.072,0.072,273
KLS,20260713,4.335,4.335,4.24,4.28,315013
KLV,20260713,0.05,0.064,0.05,0.055,1619067
KM1,20260713,0.083,0.083,0.08,0.08,38000
KMD,20260713,1.4,1.43,1.39,1.4,128868
KME,20260713,0.49,0.49,0.49,0.49,85
KNB,20260713,0.02,0.021,0.02,0.02,528357
KNG,20260713,0.055,0.055,0.055,0.055,42885
KNI,20260713,0.028,0.028,0.027,0.027,310673
KNO,20260713,0.025,0.025,0.025,0.025,0
KOA,20260713,3.04,3.09,3.04,3.06,28939
KOB,20260713,0.03,0.031,0.03,0.03,22308
KOR,20260713,0.008,0.008,0.008,0.008,0
KOV,20260713,17.85,17.85,16.72,17.02,20398
KP2,20260713,0.062,0.062,0.062,0.062,7808
KPG,20260713,3.99,4,3.86,3.87,251290
KPO,20260713,0.015,0.016,0.015,0.015,3090960
KRM,20260713,0.025,0.026,0.024,0.026,198663
KRR,20260713,0.058,0.058,0.055,0.056,1754731
KSC,20260713,3,3.01,3,3.01,368
KSL,20260713,1.27,1.27,1.22,1.225,510845
KSN,20260713,0.035,0.035,0.034,0.035,1267575
KTA,20260713,0.006,0.006,0.006,0.006,11226793
KTK,20260713,0.3,0.32,0.285,0.285,375800
KYP,20260713,0.1575,0.16,0.15,0.15,323007
KZR,20260713,0.14,0.14,0.14,0.14,4100
L1G,20260713,1.22,1.2375,1.2,1.21,1631957
L1HI,20260713,5.42,5.45,5.41,5.45,32498
L1IF,20260713,6.25,6.26,6.23,6.23,42493
L1M,20260713,0.016,0.016,0.015,0.015,725680
LAC,20260713,0.32,0.32,0.315,0.315,14050
LAM,20260713,0.505,0.505,0.505,0.505,0
LAT,20260713,0.115,0.115,0.1,0.1,47537
LAU,20260713,0.625,0.64,0.62,0.64,410597
LBL,20260713,0.54,0.54,0.52,0.54,45547
LCE,20260713,0.85,0.85,0.85,0.85,0
LCL,20260713,0.007,0.007,0.007,0.007,90000
LCY,20260713,0.006,0.006,0.006,0.006,0
LDR,20260713,0.083,0.083,0.083,0.083,56364
LDX,20260713,0.1,0.1,0.083,0.09,9613332
LED,20260713,0.485,0.49,0.48,0.49,28421
LEG,20260713,0.009,0.009,0.009,0.009,18745
LEL,20260713,0.31,0.315,0.31,0.31,32400
LEND,20260713,14.69,14.75,14.68,14.69,18755
LEVR,20260713,1.405,1.405,1.395,1.395,15767
LEX,20260713,0.115,0.115,0.115,0.115,10
LF1,20260713,1.895,1.905,1.885,1.885,141318
LFG,20260713,3.25,3.47,3.25,3.46,8673
LFS,20260713,0.9,0.915,0.9,0.9,1099
LFSPA,20260713,101.35,101.35,101.35,101.35,250
LFSPB,20260713,99.4,99.45,99.2,99.3,1722
LFT,20260713,3.61,3.62,3.5,3.6,24998
LGF,20260713,2,2.01,1.97,1.99,353842
LGI,20260713,2.7,2.7,2.54,2.66,44314
LGM,20260713,0.105,0.105,0.105,0.105,79489
LGP,20260713,0.07,0.07,0.069,0.07,422736
LHGG,20260713,1.615,1.615,1.605,1.605,79380
LIB,20260713,0.003,0.003,0.003,0.003,88082611
LIC,20260713,5.15,5.3,5.12,5.24,71390
LIN,20260713,0.795,0.83,0.765,0.815,6913955
LIO,20260713,0.013,0.013,0.013,0.013,16432
LIS,20260713,0.14,0.145,0.13,0.135,102495
LIT,20260713,0.009,0.009,0.008,0.008,4851102
LKE,20260713,0.043,0.0435,0.041,0.042,4804011
LKO,20260713,0.61,0.625,0.605,0.625,15609
LKY,20260713,0.063,0.073,0.0625,0.065,14271033
LLC,20260713,3.06,3.07,2.99,2.99,1786769
LLM,20260713,0.435,0.44,0.435,0.435,2051704
LM1,20260713,0.215,0.22,0.205,0.205,516145
LM8,20260713,0.305,0.305,0.3,0.3,107079
LMG,20260713,0.014,0.015,0.014,0.015,4816434
LML,20260713,0.011,0.012,0.011,0.011,2088428
LMS,20260713,0.23,0.23,0.23,0.23,8759
LNAS,20260713,12.48,12.5,12.06,12.13,285403
LNQ,20260713,0.295,0.295,0.285,0.285,38328
LNW,20260713,106.25,106.25,101.77,103.35,136931
LNYN,20260713,1.9,1.9,1.895,1.895,3617
LOT,20260713,0.66,0.66,0.66,0.66,0
LOV,20260713,23,23,22.205,22.6,186857
LPE,20260713,0.08,0.08,0.08,0.08,0
LPGD,20260713,5.87,5.9,5.81,5.83,100856
LPHD,20260713,10.33,10.33,10.33,10.33,12595
LPM,20260713,0.115,0.115,0.105,0.105,52598
LRD,20260713,0.014,0.014,0.014,0.014,0
LRK,20260713,0.89,0.9,0.88,0.89,45267
LRM,20260713,0.026,0.026,0.022,0.022,1834671
LRT,20260713,2.16,2.17,2.14,2.17,5739
LRV,20260713,1.275,1.28,1.25,1.265,454444
LSA,20260713,0.11,0.115,0.105,0.11,379960
LSF,20260713,4.68,4.68,4.34,4.37,978507
LSGE,20260713,1.965,1.975,1.965,1.97,16675
LSR,20260713,0.01,0.01,0.009,0.009,2520716
LSX,20260713,0.87,0.9,0.87,0.8775,75627
LTP,20260713,0.51,0.525,0.5,0.5,91385
LTR,20260713,1.5,1.505,1.395,1.425,26385407
LU7,20260713,0.006,0.006,0.006,0.006,1264445
LVE,20260713,0.105,0.105,0.105,0.105,0
LYC,20260713,16.65,16.8,15.81,16.25,3327459
LYL,20260713,19,19.29,18.18,18.44,24451
M24,20260713,0.018,0.018,0.018,0.018,26850
M2M,20260713,0.008,0.008,0.0075,0.0075,1540715
M2R,20260713,0.003,0.003,0.0025,0.003,7279699
M3M,20260713,0.029,0.029,0.029,0.029,0
M4M,20260713,0.006,0.006,0.006,0.006,10000
M79,20260713,0.041,0.041,0.041,0.041,83853
M7T,20260713,0.32,0.325,0.32,0.325,19199
M96,20260713,0.0085,0.009,0.0085,0.009,2500000
MA1,20260713,2.01,2.01,1.985,1.99,270902
MAD,20260713,8.06,8.08,7.75,7.82,73828
MAET,20260713,5.64,5.66,5.61,5.61,160657
MAF,20260713,6.42,6.42,6.29,6.35,221008
MAG,20260713,0.029,0.029,0.029,0.029,0
MAH,20260713,0.905,0.905,0.875,0.885,2370072
MAM,20260713,0.425,0.425,0.425,0.425,8000
MAN,20260713,0.021,0.022,0.021,0.022,1941480
MAP,20260713,0.041,0.041,0.041,0.041,0
MAQ,20260713,65.71,66.51,64.47,65.16,64031
MAT,20260713,0.07,0.07,0.065,0.066,426378
MAY,20260713,0.005,0.005,0.005,0.005,4493864
MBG,20260713,0.14,0.14,0.14,0.14,0
MBH,20260713,0.071,0.071,0.071,0.071,21769
MBK,20260713,0.012,0.012,0.011,0.012,5385
MBLPC,20260713,102.2,102.2,101.51,101.65,55816
MBLPD,20260713,103.51,103.89,103.5,103.5,3321
MC2,20260713,7.51,7.51,7.51,7.51,0
MCA,20260713,0.165,0.165,0.16,0.16,2712458
MCCL,20260713,18.34,18.37,18.28,18.28,55528
MCE,20260713,0.3975,0.4,0.3975,0.3975,4402
MCGG,20260713,15.21,15.26,15.14,15.16,53462
MCM,20260713,0.27,0.27,0.27,0.27,2
MCO,20260713,0.021,0.021,0.02,0.02,157764
MCP,20260713,0.16,0.16,0.16,0.16,86219
MCY,20260713,5.72,5.88,5.66,5.72,2466
MDI,20260713,0.017,0.017,0.017,0.017,0
MDX,20260713,0.019,0.019,0.019,0.019,0
MEC,20260713,1.345,1.345,1.28,1.28,44299
MEG,20260713,0.016,0.016,0.016,0.016,18471
MEI,20260713,0.175,0.185,0.1725,0.18,15653629
MEK,20260713,0.11,0.11,0.105,0.105,5292357
MEL,20260713,0.012,0.012,0.012,0.012,806
MEM,20260713,0.007,0.008,0.007,0.008,6107655
MEU,20260713,0.08,0.08,0.076,0.076,1466105
MEX,20260713,0.059,0.059,0.059,0.059,74006
MEZ,20260713,4.675,4.73,4.67,4.73,7495
MFD,20260713,0.18,0.18,0.18,0.18,62727
MFF,20260713,5.21,5.21,5.15,5.18,299141
MFG,20260713,9.93,10.05,9.86,9.94,502791
MFOA,20260713,9.95,9.95,9.9,9.91,3269
MGA,20260713,0.105,0.105,0.105,0.105,0
MGH,20260713,5.75,5.96,5.75,5.78,2011243
MGL,20260713,0.2,0.2,0.2,0.2,0
MGR,20260713,1.7,1.715,1.69,1.705,12652391
MGT,20260713,0.018,0.019,0.018,0.019,176055
MGU,20260713,0.007,0.0075,0.006,0.006,36279901
MGX,20260713,0.34,0.34,0.33,0.335,517097
MHC,20260713,0.02,0.02,0.02,0.02,0
MHG,20260713,3.93,3.93,3.93,3.93,0
MHJ,20260713,0.35,0.355,0.335,0.355,32557
MHK,20260713,0.069,0.069,0.066,0.066,36850
MHM,20260713,0.145,0.145,0.145,0.145,0
MHOT,20260713,123.11,123.11,122.97,123.02,460
MI6,20260713,0.625,0.6375,0.605,0.615,10212241
MICH,20260713,3.13,3.14,3.12,3.12,100620
MIDS,20260713,10.45,10.47,10.37,10.39,111209
MIN,20260713,60.15,60.83,56.85,58.04,1242284
MIO,20260713,0.0235,0.024,0.0235,0.024,163586
MIR,20260713,2.55,2.57,2.53,2.57,79870
MKAX,20260713,3.02,3.06,3.02,3.06,4
MKR,20260713,0.087,0.087,0.085,0.086,1641516
ML8,20260713,0.16,0.16,0.16,0.16,0
MLG,20260713,0.68,0.68,0.655,0.655,126541
MLS,20260713,0.02,0.02,0.02,0.02,97067
MLX,20260713,1.415,1.445,1.37,1.445,7115482
MM1,20260713,0.85,0.85,0.815,0.82,573123
MM8,20260713,0.435,0.435,0.405,0.41,791102
MMA,20260713,0.425,0.425,0.405,0.425,187613
MME,20260713,0.082,0.084,0.079,0.084,2402594
MMI,20260713,1.65,1.65,1.565,1.57,890257
MMKT,20260713,50.1,50.11,50.09,50.1,20606
MML,20260713,0.011,0.011,0.011,0.011,2113246
MMR,20260713,0.002,0.002,0.0015,0.002,696608
MMS,20260713,19.33,19.68,19.18,19.65,232694
MNB,20260713,0.022,0.022,0.022,0.022,5
MNC,20260713,0.09,0.09,0.09,0.09,0
MND,20260713,28.63,28.63,27.51,27.79,194153
MNE,20260713,0.115,0.115,0.115,0.115,34739
MNRS,20260713,12.37,12.37,12.19,12.22,124316
MOAT,20260713,116.08,116.82,116.08,116.36,13742
MOGL,20260713,3.95,3.96,3.95,3.95,10262
MOH,20260713,0.009,0.009,0.009,0.009,0
MOM,20260713,0.002,0.002,0.002,0.002,14710220
MONY,20260713,50.14,50.14,50.14,50.14,918
MOON,20260713,40.5,40.5,38.36,38.37,352
MOT,20260713,1.65,1.665,1.64,1.645,220763
MOV,20260713,0.145,0.145,0.145,0.145,0
MP1,20260713,19.99,20.38,19.45,19.95,1416123
MPK,20260713,0.835,0.835,0.8,0.8,66277
MPL,20260713,5.03,5.14,5.025,5.08,3120192
MPP,20260713,1.015,1.015,1.015,1.015,0
MPR,20260713,0.005,0.005,0.005,0.005,0
MPW,20260713,2.1,2.24,2.02,2.17,170728
MPX,20260713,0.1,0.1,0.1,0.1,0
MQAE,20260713,11.95,11.95,11.85,11.89,168912
MQDB,20260713,10.61,10.61,10.58,10.58,779
MQEG,20260713,13.96,14.02,13.93,13.93,86702
MQG,20260713,251.03,254.61,251.03,254.01,410323
MQGPD,20260713,100.99,101,100.86,100.9,5382
MQGPE,20260713,102.21,102.32,102.09,102.09,3675
MQGPF,20260713,106.59,107.02,106.57,106.6,3537
MQGPG,20260713,103.91,104.1,103.509,103.95,27523
MQHG,20260713,11.05,11.05,11,11,21742
MQIO,20260713,10.61,10.63,10.61,10.63,6553
MQR,20260713,0.004,0.004,0.004,0.004,0
MQSD,20260713,50.3,50.3,50.28,50.3,17854
MQWS,20260713,8.08,8.08,8.04,8.04,7470
MQXS,20260713,30.87,30.87,30.87,30.87,20
MQYM,20260713,49.7,49.7,49.56,49.68,498
MRD,20260713,0.023,0.026,0.023,0.023,840191
MRE,20260713,1.905,1.93,1.9,1.9,140546
MRQ,20260713,0.0035,0.0035,0.0035,0.0035,0
MRR,20260713,0.016,0.016,0.016,0.016,6
MRT,20260713,0.645,0.645,0.62,0.645,477834
MRZ,20260713,0.125,0.13,0.125,0.125,81120
MSB,20260713,2.29,2.45,2.28,2.35,5388829
MSG,20260713,0.003,0.003,0.003,0.003,0
MSI,20260713,0.003,0.003,0.003,0.003,0
MSTR,20260713,8.47,8.47,8.41,8.44,29968
MSV,20260713,0.52,0.535,0.52,0.53,130588
MTC,20260713,0.18,0.18,0.18,0.18,3000
MTH,20260713,0.24,0.25,0.24,0.25,30726
MTL,20260713,0.001,0.001,0.001,0.001,60364
MTM,20260713,0.415,0.42,0.405,0.415,976278
MTO,20260713,2.56,2.65,2.5,2.58,69403
MTS,20260713,3.05,3.11,3.04,3.08,5634152
MTUM,20260713,26.75,26.81,26.56,26.65,31069
MVA,20260713,23.01,23.19,23.01,23.13,45832
MVB,20260713,43.66,44.22,43.66,44.14,10694
MVE,20260713,42.9,42.9,42.49,42.49,16105
MVF,20260713,0.715,0.715,0.705,0.71,372780
MVL,20260713,0.012,0.012,0.012,0.012,5
MVOL,20260713,35.45,35.49,35.37,35.47,1133
MVP,20260713,0.41,0.42,0.405,0.405,38521
MVR,20260713,44.8,44.8,43.98,44.24,23753
MVS,20260713,20.5,20.53,20.41,20.53,11538
MVW,20260713,38.02,38.06,37.83,37.94,90596
MX1,20260713,0.032,0.034,0.032,0.032,780254
MXI,20260713,1.455,1.46,1.41,1.41,24607
MXO,20260713,0.051,0.051,0.051,0.051,6
MXT,20260713,1.945,1.95,1.935,1.94,1508034
MYE,20260713,0.365,0.365,0.34,0.34,97138
MYG,20260713,2.5,2.6,2.34,2.41,694028
MYR,20260713,0.29,0.29,0.28,0.285,10762788
MYS,20260713,4.72,4.83,4.72,4.8,180728
MYX,20260713,2.92,2.92,2.83,2.83,145936
N1H,20260713,0.08,0.08,0.08,0.08,0
NAB,20260713,39.55,40.05,39.43,40.05,2728230
NABPH,20260713,102.99,103.06,102.83,103,59023
NABPI,20260713,105.73,105.79,105.26,105.3,11590
NABPJ,20260713,105.07,105.46,105.05,105.06,9290
NABPK,20260713,106.52,106.89,105.76,106.2,5328
NAC,20260713,0.53,0.53,0.52,0.52,26000
NACGA,20260713,97.25,97.25,97.25,97.25,0
NAE,20260713,0.003,0.003,0.002,0.002,4930843
NAG,20260713,0.01,0.01,0.01,0.01,127985
NAN,20260713,3.22,3.28,3.2,3.23,256554
NC1,20260713,0.12,0.125,0.12,0.12,85711
NC6,20260713,0.074,0.076,0.074,0.076,202670
NCC,20260713,0.385,0.385,0.385,0.385,2007
NCCGA,20260713,89,89,89,89,0
NCK,20260713,16,16.18,15.68,16.03,315248
NDIA,20260713,60.7,61.1,60.63,60.65,5393
NDO,20260713,0.39,0.4,0.39,0.395,18658
NDQ,20260713,62.1,62.44,61.59,61.73,197883
NEC,20260713,0.955,0.97,0.945,0.955,3443015
NEM,20260713,135.31,135.84,134.01,134.28,412437
NES,20260713,0.003,0.003,0.003,0.003,0
NEU,20260713,16.51,16.855,16.31,16.5,318012
NFL,20260713,0.11,0.11,0.11,0.11,0
NFM,20260713,0.007,0.007,0.006,0.006,332210
NFNG,20260713,83.6,83.6,82.5,83,541
NGE,20260713,1.25,1.25,1.25,1.25,0
NGI,20260713,2.45,2.45,2.37,2.41,205792
NGS,20260713,0.022,0.022,0.022,0.022,0
NGX,20260713,0.09,0.09,0.09,0.09,727
NGY,20260713,0.04,0.04,0.04,0.04,0
NH3,20260713,0.1,0.1,0.1,0.1,103403
NHC,20260713,5.27,5.33,5.125,5.22,1810090
NHE,20260713,0.029,0.029,0.0265,0.028,7870213
NHF,20260713,7.25,7.3,7.19,7.28,1106266
NHU,20260713,0.11,0.11,0.1,0.1,3018934
NIC,20260713,0.89,0.89,0.86,0.87,4681103
NIM,20260713,0.037,0.037,0.036,0.036,273251
NME,20260713,0.012,0.012,0.012,0.012,0
NMG,20260713,0.041,0.042,0.04,0.04,13683455
NMR,20260713,0.047,0.047,0.046,0.046,137097
NMT,20260713,0.023,0.023,0.0205,0.0205,666181
NNL,20260713,0.185,0.19,0.1625,0.19,354851
NNUK,20260713,2.21,2.21,2.19,2.19,13490
NNWH,20260713,1.3,1.3,1.29,1.29,124041
NOL,20260713,1.2025,1.21,1.195,1.195,9829
NOR,20260713,0.023,0.023,0.018,0.019,4533544
NOU,20260713,0.115,0.12,0.105,0.105,127054
NOV,20260713,0.016,0.017,0.016,0.017,60835
NOX,20260713,0.091,0.091,0.085,0.085,298497
NPM,20260713,0.017,0.017,0.017,0.017,0
NRX,20260713,0.013,0.013,0.011,0.012,11065016
NRZ,20260713,0.001,0.001,0.001,0.001,0
NSB,20260713,0.063,0.071,0.063,0.071,86115
NSC,20260713,0.34,0.34,0.335,0.34,73799
NSM,20260713,0.022,0.022,0.022,0.022,142489
NST,20260713,19.98,20.15,19.82,19.9,2940582
NTD,20260713,0.19,0.2,0.19,0.19,213075
NTI,20260713,0.016,0.016,0.016,0.016,1515757
NTM,20260713,0.003,0.003,0.003,0.003,0
NTU,20260713,0.028,0.03,0.027,0.027,43605519
NUC,20260713,0.085,0.085,0.085,0.085,5
NUF,20260713,2.72,2.76,2.7,2.72,610558
NUGG,20260713,58.59,58.59,57.98,58.1,2965
NUZ,20260713,0.068,0.068,0.067,0.067,447195
NVA,20260713,0.54,0.54,0.525,0.535,93028
NVO,20260713,0.064,0.064,0.064,0.064,33399
NVQ,20260713,0.039,0.039,0.039,0.039,0
NVU,20260713,0.049,0.051,0.041,0.041,3575409
NVX,20260713,0.155,0.165,0.155,0.16,3395780
NWH,20260713,7.09,7.15,6.81,6.9,705760
NWL,20260713,24,24.23,23.5,23.68,657623
NWM,20260713,0.007,0.007,0.007,0.007,800478
NWS,20260713,44.72,44.83,44.61,44.64,68792
NWSLV,20260713,38.25,38.25,38.25,38.25,0
NX1,20260713,0.01,0.01,0.01,0.01,0
NXD,20260713,0.089,0.089,0.089,0.089,25
NXG,20260713,13.82,13.87,13.63,13.64,826873
NXL,20260713,1.275,1.285,1.23,1.23,467380
NXM,20260713,0.044,0.045,0.042,0.045,775073
NXN,20260713,0.285,0.29,0.28,0.29,38900
NXT,20260713,13.8,13.82,13.36,13.5,1483128
NYM,20260713,0.048,0.048,0.048,0.048,9000
NYR,20260713,0.425,0.425,0.41,0.41,38837
NZK,20260713,0.195,0.195,0.19,0.19,14085
NZM,20260713,0.88,0.885,0.88,0.88,30605
OAK,20260713,0.071,0.071,0.071,0.071,0
OB1,20260713,0.013,0.013,0.013,0.013,0
OBL,20260713,1.665,1.685,1.665,1.665,15560
OBM,20260713,1.085,1.12,1.075,1.115,4907829
OCA,20260713,0.615,0.615,0.615,0.615,0
OCC,20260713,0.88,0.91,0.765,0.85,1573072
OCL,20260713,6.93,7.01,6.79,6.92,191356
OCN,20260713,0.48,0.48,0.395,0.42,596914
OCT,20260713,0.025,0.025,0.025,0.025,0
OD6,20260713,0.115,0.115,0.115,0.115,394221
ODA,20260713,0.1,0.115,0.1,0.11,770289
ODE,20260713,0.024,0.024,0.023,0.023,3581598
ODY,20260713,0.032,0.032,0.03,0.03,1732702
OEC,20260713,0.16,0.165,0.16,0.16,40067
OEL,20260713,0.0065,0.007,0.0065,0.007,13174656
OEQ,20260713,0.19,0.19,0.19,0.19,0
OFX,20260713,0.525,0.53,0.515,0.525,98710
OIL,20260713,0.16,0.16,0.15,0.155,743716
OKJ,20260713,0.049,0.049,0.049,0.049,0
OLH,20260713,0.012,0.012,0.012,0.012,0
OLI,20260713,0.006,0.006,0.006,0.006,0
OLL,20260713,0.0175,0.018,0.0175,0.018,16851
OLY,20260713,0.048,0.048,0.048,0.048,1023
OM1,20260713,0.016,0.016,0.016,0.016,0
OMA,20260713,0.67,0.67,0.63,0.64,233573
OMG,20260713,0.007,0.007,0.007,0.007,0
OMH,20260713,0.22,0.22,0.22,0.22,4142
OML,20260713,1.5,1.535,1.49,1.535,1874836
OMX,20260713,0.058,0.058,0.055,0.055,158787
ONE,20260713,0.17,0.17,0.165,0.165,12982
OOO,20260713,7.44,7.58,7.44,7.54,246494
OPH,20260713,2.57,2.58,2.54,2.55,200940
OPPT,20260713,1.655,1.66,1.655,1.655,70473
OR3,20260713,0.074,0.074,0.069,0.069,608573
ORA,20260713,1.39,1.415,1.38,1.385,3489463
ORD,20260713,0.54,0.54,0.53,0.54,9627
ORE,20260713,2.32,2.33,2.31,2.31,583
ORG,20260713,10.45,10.47,10.14,10.25,6240580
ORI,20260713,23.78,23.78,22.72,23.09,1240652
ORN,20260713,0.024,0.025,0.024,0.025,219852
ORP,20260713,0.098,0.11,0.098,0.1,1810491
OSL,20260713,1.335,1.575,1.335,1.4,485468
OSM,20260713,0.65,0.695,0.65,0.69,14508
OSX,20260713,0.005,0.005,0.005,0.005,0
OVT,20260713,0.008,0.009,0.008,0.008,10709811
OZBD,20260713,43.98,44.01,43.94,43.94,70392
OZF,20260713,30.83,30.93,30.74,30.93,1236
OZM,20260713,0.087,0.087,0.084,0.087,64745
OZR,20260713,16.7,16.7,16.4,16.5,37370
OZXX,20260713,9.87,9.87,9.87,9.87,1
OZZ,20260713,0.055,0.055,0.055,0.055,0
P1E,20260713,0.037,0.037,0.035,0.037,544155
PAB,20260713,0.04,0.04,0.04,0.04,233
PAC,20260713,11.66,11.7,11.56,11.7,5957
PAF,20260713,1.76,1.76,1.75,1.75,225021
PAR,20260713,0.17,0.18,0.16,0.175,3381401
PAT,20260713,0.074,0.082,0.074,0.08,3101323
PAVE,20260713,13.91,13.94,13.86,13.91,60711
PAXX,20260713,5.96,5.96,5.8,5.84,82200
PBH,20260713,0.925,0.925,0.925,0.925,88
PBL,20260713,0.06,0.06,0.06,0.06,0
PC2,20260713,1.13,1.16,1.11,1.135,82751
PCG,20260713,0.835,0.85,0.835,0.85,1515
PCI,20260713,1.1,1.105,1.09,1.09,735181
PCK,20260713,0.115,0.115,0.11,0.11,67078
PCL,20260713,0.011,0.011,0.01,0.01,4463420
PCX,20260713,2.03,2.03,2,2,132696
PDI,20260713,0.7,0.71,0.6675,0.675,7239596
PDN,20260713,10.17,10.25,9.53,9.69,2352132
PE1,20260713,1.53,1.53,1.47,1.475,474750
PEB,20260713,0.24,0.24,0.24,0.24,53
PEC,20260713,0.018,0.02,0.018,0.02,185215
PEN,20260713,0.37,0.37,0.35,0.355,1353031
PER,20260713,0.003,0.003,0.003,0.003,5574652
PET,20260713,0.007,0.007,0.007,0.007,290000
PFE,20260713,0.018,0.019,0.018,0.019,3026541
PFG,20260713,0.215,0.225,0.215,0.215,148773
PFM,20260713,0.026,0.026,0.026,0.026,58
PFP,20260713,3.21,3.29,3.18,3.23,98552
PFT,20260713,0.025,0.027,0.025,0.027,106382
PGA1,20260713,15.1,15.1,15.03,15.04,336130
PGC,20260713,0.14,0.145,0.14,0.14,338922
PGD,20260713,0.17,0.17,0.135,0.15,360343
PGF,20260713,3.32,3.32,3.22,3.23,358080
PGI2,20260713,11.3,11.3,11.22,11.22,45029
PGL,20260713,0.5,0.51,0.485,0.51,328191
PGM,20260713,0.023,0.023,0.022,0.022,396811
PGO,20260713,0.11,0.115,0.11,0.11,65345
PGY,20260713,0.054,0.054,0.054,0.054,0
PHO,20260713,0.14,0.15,0.14,0.14,88052
PHX,20260713,0.12,0.12,0.115,0.12,3503
PIA,20260713,1.335,1.355,1.335,1.34,170807
PIC,20260713,1.18,1.18,1.165,1.17,223675
PIL,20260713,0.004,0.004,0.004,0.004,0
PIM,20260713,0.046,0.046,0.045,0.045,131883
PIQ,20260713,0.205,0.205,0.175,0.185,146611
PIXX,20260713,4.82,4.88,4.82,4.84,18100
PKD,20260713,0.03,0.03,0.03,0.03,33000
PKO,20260713,0.006,0.006,0.006,0.006,1250000
PKP,20260713,0.018,0.018,0.017,0.017,6359555
PKY,20260713,0.047,0.048,0.043,0.043,4524574
PL3,20260713,0.12,0.12,0.115,0.115,452274
PL8,20260713,1.41,1.415,1.395,1.4,297653
PL9,20260713,0.007,0.007,0.006,0.007,4550778
PLA,20260713,0.385,0.39,0.385,0.385,402676
PLC,20260713,0.008,0.008,0.008,0.008,783857
PLG,20260713,0.031,0.031,0.031,0.031,0
PLS,20260713,4.64,4.67,4.41,4.48,22702628
PLT,20260713,0.725,0.73,0.7,0.705,150738
PLUS,20260713,16.88,16.88,16.86,16.87,7582
PLY,20260713,0.125,0.125,0.115,0.115,125688
PME,20260713,196.1,200.18,196.01,198.98,267252
PMGOLD,20260713,58.57,58.82,58.08,58.14,338857
PMM,20260713,0.12,0.12,0.11,0.12,40000
PMT,20260713,0.54,0.54,0.5075,0.51,1862200
PMV,20260713,14.48,14.48,14.16,14.28,172539
PNC,20260713,0.695,0.7,0.695,0.7,30743
PNI,20260713,17.65,17.69,17.15,17.38,447297
PNM,20260713,0.024,0.024,0.024,0.024,0
PNN,20260713,0.125,0.13,0.115,0.115,1872275
PNR,20260713,2.05,2.08,1.985,2.03,3676159
PNT,20260713,0.007,0.007,0.007,0.007,0
PNV,20260713,1.01,1.04,1.0025,1.02,1114559
POD,20260713,0.037,0.037,0.035,0.036,155413
POL,20260713,0.925,0.925,0.875,0.895,240911
PPC,20260713,1.8,1.805,1.73,1.79,868581
PPE,20260713,0.69,0.695,0.68,0.68,22370
PPG,20260713,0.018,0.018,0.018,0.018,0
PPK,20260713,0.345,0.345,0.325,0.345,60983
PPL,20260713,0.029,0.029,0.029,0.029,365160
PPM,20260713,1.67,1.675,1.61,1.62,266491
PPS,20260713,0.715,0.735,0.715,0.72,455941
PPT,20260713,19.32,19.33,19,19.03,132437
PPY,20260713,0.009,0.009,0.009,0.009,0
PR1,20260713,0.36,0.36,0.33,0.33,18332
PR2,20260713,0.026,0.028,0.026,0.028,99999
PRG,20260713,1.31,1.31,1.31,1.31,219
PRM,20260713,0.001,0.001,0.001,0.001,534000
PRN,20260713,2.23,2.23,2.15,2.18,1894996
PRO,20260713,0.07,0.07,0.07,0.07,0
PRU,20260713,4.89,4.91,4.81,4.84,3098117
PRX,20260713,0.068,0.068,0.068,0.068,0
PSC,20260713,0.285,0.295,0.285,0.295,173383
PSL,20260713,0.029,0.029,0.029,0.029,0
PTL,20260713,0.024,0.024,0.024,0.024,0
PTN,20260713,0.047,0.048,0.047,0.047,446299
PTR,20260713,0.085,0.09,0.085,0.09,111104
PTX,20260713,0.072,0.077,0.072,0.075,578267
PUR,20260713,0.078,0.078,0.066,0.07,202804
PV1,20260713,0.0075,0.0075,0.007,0.007,105010
PVE,20260713,0.058,0.06,0.058,0.06,145174
PVL,20260713,0.155,0.155,0.155,0.155,0
PVT,20260713,0.014,0.016,0.014,0.014,11472390
PWH,20260713,8.4,8.74,8.4,8.74,118819
PWN,20260713,0.01,0.01,0.01,0.01,569466
PWR,20260713,1,1.025,0.965,0.97,156808
PXA,20260713,8.05,8.1,7.955,7.99,766315
PXR,20260713,0.001,0.001,0.001,0.001,0
PXX,20260713,0.014,0.015,0.013,0.015,1094041
PYC,20260713,1.55,1.585,1.525,1.55,433292
QAL,20260713,3.17,3.31,3.17,3.28,854790
QAN,20260713,10.31,10.445,10.3,10.43,3556641
QAU,20260713,30.77,30.79,30.44,30.44,78668
QBE,20260713,25.33,25.58,25.22,25.47,2761310
QBTC,20260713,17.97,18.04,17.59,17.68,15151
QEM,20260713,0.017,0.017,0.017,0.017,0
QETH,20260713,18,18.4,17.79,17.79,24012
QFE,20260713,0.069,0.07,0.069,0.069,74183
QFN,20260713,18.18,18.28,18.18,18.28,9817
QGFH,20260713,5.39,5.39,5.39,5.39,0
QGL,20260713,0.38,0.395,0.38,0.395,377
QGRU,20260713,3.98,3.98,3.98,3.98,5012
QHAL,20260713,56.06,56.28,55.89,55.93,46719
QHSM,20260713,34.36,34.36,34.15,34.24,5280
QLTY,20260713,33.16,33.29,33.06,33.09,34268
QMAX,20260713,30.55,30.62,30.19,30.2,4801
QMIX,20260713,35.55,35.59,35.46,35.51,26951
QML,20260713,0.053,0.053,0.05,0.052,580596
QNDQ,20260713,18.6,18.6,18.46,18.46,1404
QOR,20260713,0.235,0.235,0.235,0.235,0
QOZ,20260713,18.88,18.9,18.79,18.86,107118
QPM,20260713,0.009,0.009,0.009,0.009,0
QPON,20260713,26.28,26.29,26.27,26.29,142419
QRE,20260713,9.58,9.58,9.4,9.47,87070
QRI,20260713,1.55,1.555,1.54,1.55,664705
QSML,20260713,32.61,32.72,32.48,32.51,74862
QUAL,20260713,62.81,62.94,62.58,62.67,102240
QUB,20260713,5.11,5.11,5.11,5.11,0
QUE,20260713,0.05,0.05,0.05,0.05,0
QUS,20260713,56.02,56.54,56.02,56.51,139480
QXR,20260713,0.003,0.003,0.003,0.003,12
QYLD,20260713,11.21,11.21,11.07,11.11,13561
R3AL,20260713,1.535,1.54,1.535,1.54,29974
R8R,20260713,0.115,0.115,0.115,0.115,0
RAC,20260713,2.19,2.21,2.16,2.19,41944
RAD,20260713,0.02,0.02,0.019,0.02,262737
RAG,20260713,0.022,0.022,0.022,0.022,23000
RAN,20260713,0.17,0.2,0.17,0.2,15572
RAP,20260713,0.033,0.033,0.0315,0.033,381250
RARI,20260713,29,29.15,29,29.12,5090
RAS,20260713,0.027,0.027,0.026,0.026,100000
RAU,20260713,0.3,0.3,0.3,0.3,100000
RB6,20260713,0.155,0.155,0.155,0.155,0
RBR,20260713,0.016,0.016,0.016,0.016,0
RBTZ,20260713,15,15.09,14.56,14.56,63402
RBX,20260713,0.027,0.027,0.027,0.027,0
RC1,20260713,0.12,0.12,0.115,0.115,91631
RCAP,20260713,1.895,1.91,1.88,1.88,540284
RCB,20260713,19.8,19.8,19.77,19.79,21861
RCE,20260713,0.39,0.39,0.375,0.39,354511
RCKT,20260713,10.95,10.95,10.6,10.64,30438
RCL,20260713,0.07,0.07,0.07,0.07,0
RCM,20260713,0.035,0.035,0.032,0.033,1803979
RCR,20260713,0.014,0.017,0.014,0.016,134248
RCT,20260713,3.72,3.72,3.68,3.68,143
RDM,20260713,0.15,0.155,0.135,0.135,1964036
RDN,20260713,0.003,0.003,0.0025,0.003,8654035
RDS,20260713,0.003,0.003,0.003,0.003,100000
RDV,20260713,34.41,34.52,34.29,34.46,3833
RDX,20260713,3.62,3.63,3.54,3.61,923211
RDY,20260713,1.61,1.615,1.6,1.605,3938
REA,20260713,149.73,150.4,147.56,149.72,144490
REC,20260713,0.02,0.021,0.02,0.021,1125940
REE,20260713,0.012,0.013,0.012,0.012,9938961
REG,20260713,6.2,6.33,6.09,6.16,736734
REH,20260713,15.79,15.79,15.41,15.62,241344
REIT,20260713,17.01,17.17,17.01,17.12,82324
REM,20260713,0.027,0.027,0.027,0.027,182776
REP,20260713,0.415,0.42,0.41,0.415,378413
REV,20260713,2,2,1.99,1.99,200462
REZ,20260713,0.012,0.012,0.012,0.012,0
RF1,20260713,3.54,3.55,3.47,3.54,285922
RFF,20260713,2.03,2.09,2.025,2.09,1307431
RFG,20260713,0.79,0.805,0.785,0.805,14431
RFT,20260713,0.006,0.006,0.006,0.006,0
RG1,20260713,2.5,2.52,2.49,2.49,199063
RG8,20260713,2.79,2.79,2.72,2.73,77806
RGB,20260713,18.91,18.91,18.87,18.91,9424
RGL,20260713,0.008,0.009,0.008,0.008,428587
RGN,20260713,2.38,2.39,2.36,2.37,3267663
RGOS,20260713,21.82,21.92,21.82,21.91,6800
RGT,20260713,0.073,0.073,0.055,0.059,1320017
RHC,20260713,42.12,42.62,41.99,42.42,453696
RHCPA,20260713,106.47,107.5,106.32,106.5,3884
RHI,20260713,4.75,4.75,4.54,4.54,2777
RHT,20260713,0.044,0.044,0.043,0.043,340495
RHY,20260713,0.094,0.094,0.091,0.091,31229
RIC,20260713,2.74,2.76,2.66,2.67,1796254
RIE,20260713,0.02,0.02,0.02,0.02,42860
RIIF,20260713,1.29,1.3,1.2775,1.29,720574
RIL,20260713,0.004,0.004,0.004,0.004,0
RIM,20260713,0.0145,0.0145,0.014,0.014,271029
RIO,20260713,163.78,165.45,162.79,164.03,881184
RIV,20260713,1.44,1.44,1.415,1.415,42429
RKB,20260713,0.004,0.004,0.004,0.004,0
RKN,20260713,0.425,0.425,0.425,0.425,7504
RKT,20260713,0.0215,0.0215,0.021,0.021,55624
RLC,20260713,0.002,0.002,0.002,0.002,0
RLF,20260713,0.04,0.04,0.0385,0.0385,16997
RLG,20260713,0.003,0.003,0.002,0.002,269608
RMBS,20260713,24.94,24.96,24.94,24.95,11949
RMC,20260713,0.81,0.82,0.8075,0.815,124226
RMD,20260713,28.93,29.08,28.21,28.57,2694062
RMI,20260713,0.17,0.17,0.165,0.17,1562098
RML,20260713,0.046,0.047,0.044,0.044,4432536
RMS,20260713,3,3,2.925,2.95,4762839
RMX,20260713,0.012,0.012,0.012,0.012,203861
RMY,20260713,0.027,0.027,0.027,0.027,389362
RND,20260713,2.31,2.31,2.31,2.31,0
RNT,20260713,0.065,0.066,0.065,0.066,67721
RNU,20260713,0.058,0.0585,0.056,0.056,416341
RNV,20260713,0.08,0.08,0.08,0.08,0
RNX,20260713,0.0025,0.0025,0.0025,0.0025,53299
ROAR,20260713,10.7,10.7,10.49,10.49,15821
ROBO,20260713,98,98,93.5,93.5,8069
ROC,20260713,0.235,0.25,0.235,0.24,107256
ROG,20260713,0.001,0.001,0.001,0.001,245322
RON,20260713,0.16,0.16,0.16,0.16,0
ROYL,20260713,13.7,13.71,13.59,13.59,33406
RPL,20260713,3.13,3.14,3.09,3.11,617929
RPM,20260713,0.016,0.016,0.016,0.016,0
RR1,20260713,0.01,0.01,0.01,0.01,64146
RRE,20260713,0.099,0.099,0.099,0.099,0
RRL,20260713,6.5,6.54,6.39,6.46,4427603
RRR,20260713,0.072,0.072,0.072,0.072,37050
RSG,20260713,0.925,0.935,0.9,0.915,7033553
RSM,20260713,20.3,20.3,20.26,20.26,276
RSSL,20260713,11.81,11.81,11.74,11.8,755
RTG,20260713,0.037,0.037,0.037,0.037,0
RTH,20260713,0.555,0.555,0.555,0.555,0
RTR,20260713,0.045,0.046,0.045,0.045,782590
RVT,20260713,0.12,0.12,0.12,0.12,5566
RWC,20260713,3.68,3.71,3.635,3.65,1048157
RWD,20260713,0.028,0.028,0.028,0.028,184293
RWL,20260713,0.061,0.061,0.061,0.061,0
RXL,20260713,0.415,0.425,0.39,0.4,2275787
RYD,20260713,1.78,1.785,1.78,1.785,55745
RYM,20260713,1.7925,1.7925,1.78,1.78,3025
RZI,20260713,0.53,0.56,0.53,0.56,41114
S2R,20260713,0.065,0.069,0.065,0.069,612323
S32,20260713,4.01,4.02,3.93,3.97,12126804
S3GO,20260713,6.72,6.72,6.66,6.66,5452
S66,20260713,0.13,0.13,0.13,0.13,1000
SAN,20260713,0.009,0.009,0.009,0.009,0
SB2,20260713,0.565,0.565,0.565,0.565,0
SBM,20260713,0.47,0.475,0.44,0.445,7774517
SBR,20260713,0.007,0.007,0.007,0.007,9181485
SBZ,20260713,0.19,0.19,0.18,0.19,125106
SCG,20260713,3.9,3.92,3.88,3.89,6552771
SCN,20260713,0.026,0.026,0.026,0.026,24195
SCP,20260713,0.05,0.05,0.05,0.05,0
SDF,20260713,5.17,5.21,5.135,5.19,2133570
SDR,20260713,3.65,3.71,3.53,3.57,1542444
SDV,20260713,0.13,0.135,0.13,0.135,240481
SEA,20260713,2.14,2.14,2.13,2.13,645
SEC,20260713,2.49,2.5,2.45,2.5,30539
SEG,20260713,0.345,0.365,0.345,0.365,2460
SEK,20260713,13.3,13.36,13.05,13.26,757296
SEMI,20260713,39.84,39.98,38.19,38.28,193026
SEN,20260713,3.05,3.1,2.99,3.1,23645
SEQ,20260713,0.11,0.115,0.11,0.115,4178
SER,20260713,0.155,0.155,0.155,0.155,13
SET,20260713,2.15,2.16,2.14,2.16,82531
SFC,20260713,18.74,18.74,18.52,18.63,1526
SFG,20260713,0.002,0.002,0.002,0.002,0
SFIF,20260713,10.74,10.74,10.74,10.74,392086
SFM,20260713,0.26,0.26,0.26,0.26,1692
SFR,20260713,18.56,18.715,18.11,18.57,1383179
SFX,20260713,0.047,0.048,0.045,0.048,30783
SFY,20260713,76.72,77,76.72,76.95,2147
SGA,20260713,0.06,0.061,0.06,0.061,11003
SGH,20260713,44.57,44.57,43.96,44.24,136818
SGI,20260713,1.28,1.3,1.25,1.28,74292
SGLLV,20260713,13.58,13.65,13.44,13.65,27730
SGM,20260713,25.46,25.73,25.14,25.28,415999
SGP,20260713,4.02,4.04,3.96,3.98,6355574
SGQ,20260713,0.093,0.093,0.09,0.091,5215958
SGR,20260713,0.096,0.099,0.096,0.097,1435402
SHA,20260713,6.3,6.5,6.3,6.45,122636
SHE,20260713,0.013,0.013,0.013,0.013,587020
SHG,20260713,0.2,0.22,0.195,0.22,148432
SHJ,20260713,0.6,0.6,0.57,0.595,120656
SHL,20260713,21.23,21.45,20.71,20.93,1657051
SHM,20260713,0.7,0.73,0.7,0.73,12071
SHN,20260713,0.028,0.028,0.027,0.028,3605385
SHO,20260713,0.057,0.057,0.056,0.056,864982
SHV,20260713,3.9,3.97,3.835,3.84,423096
SIG,20260713,2.86,2.94,2.82,2.92,18756680
SIO,20260713,0.14,0.14,0.14,0.14,10
SIQ,20260713,12.49,12.59,12.29,12.47,641655
SIS,20260713,0.0055,0.0055,0.0055,0.0055,0
SIV,20260713,0.15,0.15,0.15,0.15,0
SIX,20260713,0.072,0.073,0.072,0.073,925052
SK1,20260713,2.73,2.8,2.66,2.78,269312
SKC,20260713,0.445,0.455,0.42,0.42,1035096
SKG,20260713,1.29,1.29,1.28,1.285,930846
SKK,20260713,0.026,0.029,0.026,0.028,14326091
SKM,20260713,0.29,0.295,0.29,0.295,18486
SKN,20260713,0.006,0.006,0.006,0.006,1292975
SKO,20260713,1.22,1.22,1.22,1.22,4
SKS,20260713,8.36,8.72,8.23,8.55,468548
SKT,20260713,2.78,2.79,2.78,2.79,432
SKUK,20260713,0.96,0.96,0.955,0.955,175
SKY,20260713,0.27,0.275,0.235,0.255,3310308
SLA,20260713,0.078,0.078,0.077,0.077,8140
SLB,20260713,0.15,0.16,0.135,0.145,226202
SLC,20260713,3.09,3.11,3.06,3.1,1010899
SLD,20260713,0.515,0.515,0.49,0.5,207982
SLF,20260713,12.45,12.56,12.44,12.49,24610
SLM,20260713,0.096,0.096,0.09,0.094,2755604
SLS,20260713,2.24,2.24,2.08,2.13,146125
SLVM,20260713,34.4,34.4,33.57,33.57,7841
SLX,20260713,5.71,5.89,5.23,5.25,1048985
SLZ,20260713,0.007,0.007,0.007,0.007,0
SM1,20260713,0.29,0.29,0.29,0.29,0
SMI,20260713,0.455,0.4625,0.435,0.455,4231648
SMLL,20260713,4.11,4.11,4.07,4.09,123925
SMM,20260713,0.007,0.008,0.007,0.008,96752
SMN,20260713,0.3875,0.39,0.375,0.375,212274
SMR,20260713,2.37,2.48,2.37,2.46,1415466
SMS,20260713,0.035,0.04,0.035,0.04,65038
SMX,20260713,0.016,0.016,0.016,0.016,240057
SNAS,20260713,10.6,10.83,10.46,10.8,336234
SNC,20260713,0.7,0.7,0.695,0.695,38047
SND,20260713,1.005,1.015,1,1.015,17384
SNG,20260713,0.049,0.052,0.049,0.052,107165
SNL,20260713,31.71,31.99,31.5,31.79,100852
SNM,20260713,0.6,0.61,0.59,0.61,84650
SNS,20260713,0.026,0.026,0.026,0.026,0
SNT,20260713,0.023,0.023,0.023,0.023,72463
SNX,20260713,0.069,0.069,0.069,0.069,69385
SNZ,20260713,7.33,7.33,7.1,7.1,3378
SOC,20260713,0.04,0.04,0.04,0.04,0
SOL,20260713,44.02,44.5,43.79,44.09,269192
SOM,20260713,0.4625,0.5,0.4625,0.47,73165
SOP,20260713,0.042,0.042,0.035,0.036,775494
SOR,20260713,0.033,0.0335,0.033,0.033,141083
SP3,20260713,0.014,0.014,0.014,0.014,28875
SP8,20260713,0.008,0.008,0.008,0.008,15
SPA,20260713,0.096,0.099,0.095,0.095,569189
SPD,20260713,1.375,1.475,1.35,1.395,198113
SPG,20260713,0.097,0.1,0.097,0.099,175066
SPHX,20260713,10.82,10.82,10.82,10.82,489
SPK,20260713,1.545,1.5875,1.5425,1.57,3185237
SPL,20260713,0.725,0.7325,0.715,0.73,816575
SPN,20260713,0.29,0.29,0.25,0.28,160021
SPQ,20260713,0.0045,0.0045,0.0045,0.0045,0
SPX,20260713,0.003,0.0035,0.003,0.0035,213334
SPY,20260713,1085,1086.42,1082.08,1083.08,1069
SPZ,20260713,0.79,0.79,0.765,0.77,581368
SQX,20260713,0.048,0.048,0.048,0.048,8
SRG,20260713,3.57,3.595,3.45,3.49,843438
SRH,20260713,0.097,0.097,0.097,0.097,0
SRJ,20260713,0.011,0.011,0.01,0.01,7087848
SRK,20260713,0.027,0.027,0.027,0.027,4500
SRL,20260713,15.98,16.24,15.485,15.62,512084
SRN,20260713,0.023,0.023,0.023,0.023,121108
SRR,20260713,0.032,0.032,0.032,0.032,59900
SRT,20260713,0.16,0.16,0.16,0.16,0
SRV,20260713,6.35,6.41,6.25,6.27,136208
SRZ,20260713,0.032,0.033,0.032,0.033,683829
SS1,20260713,0.93,0.935,0.9,0.915,1177340
SSG,20260713,1.4,1.425,1.385,1.39,69714
SSH,20260713,0.15,0.15,0.15,0.15,6300
SSL,20260713,8.6,8.6,8.6,8.6,0
SSLPA,20260713,1,1,1,1,0
SSM,20260713,2.54,2.54,2.47,2.52,1090110
SSO,20260713,14.47,14.47,14.33,14.33,999
SST,20260713,10.05,10.05,9.89,9.89,1099
STG,20260713,0.23,0.23,0.23,0.23,0
STH,20260713,0.12,0.12,0.12,0.12,8333
STK,20260713,0.094,0.094,0.089,0.091,3937303
STM,20260713,0.22,0.22,0.205,0.21,217656
STN,20260713,0.46,0.46,0.445,0.45,1060665
STO,20260713,7.72,7.74,7.58,7.6,11353213
STP,20260713,0.1375,0.14,0.135,0.135,77370
STV,20260713,0.007,0.007,0.007,0.007,2142857
STW,20260713,78.59,78.86,78.33,78.65,93124
STX,20260713,0.1,0.1025,0.1,0.1,825461
SUBD,20260713,25.22,25.22,25.2,25.2,142201
SUH,20260713,0.03,0.03,0.029,0.029,117228
SUL,20260713,12.87,13.17,12.865,13.1,289565
SUN,20260713,18.79,18.97,18.68,18.93,2018139
SUNPI,20260713,103.01,103.13,102.75,103,3354
SUNPJ,20260713,105,105.401,105,105.4,685
SVG,20260713,0.012,0.012,0.011,0.011,745037
SVL,20260713,0.13,0.14,0.13,0.14,5448872
SVM,20260713,0.535,0.535,0.51,0.515,531821
SVNP,20260713,1.75,1.755,1.745,1.745,15
SVR,20260713,1.58,1.595,1.575,1.575,40003
SVY,20260713,0.0175,0.018,0.017,0.018,2250000
SWP,20260713,0.088,0.088,0.088,0.088,0
SWTZ,20260713,2.41,2.41,2.41,2.41,5
SX2,20260713,9.03,9.105,8.69,8.77,149845
SXE,20260713,4.46,4.61,4.43,4.56,1678605
SXL,20260713,0.545,0.56,0.545,0.545,70091
SYI,20260713,30.59,30.62,30.4,30.53,28071
SYL,20260713,2.74,2.74,2.64,2.73,270576
SYR,20260713,0.12,0.12,0.11,0.115,2272288
T3D,20260713,0.036,0.036,0.035,0.035,125589
T3MP,20260713,77.39,77.39,77.39,77.39,2
T88,20260713,0.041,0.041,0.037,0.037,25000
T92,20260713,0.046,0.046,0.046,0.046,0
TAH,20260713,0.825,0.84,0.815,0.83,4096958
TAL,20260713,0.067,0.067,0.063,0.063,146500
TAM,20260713,0.058,0.06,0.058,0.058,57555
TAR,20260713,0.019,0.019,0.019,0.019,572066
TAS,20260713,0.046,0.046,0.043,0.045,2476176
TAT,20260713,0.033,0.036,0.024,0.025,10596446
TBIL,20260713,48.29,48.38,48.29,48.3,3007
TBN,20260713,0.225,0.235,0.225,0.235,261939
TBR,20260713,4.86,5.3,4.85,5.13,9381
TCAP,20260713,9.56,9.56,9.56,9.56,0
TCF,20260713,5.77,5.78,5.72,5.78,16100
TCG,20260713,0.53,0.535,0.525,0.525,1279798
TCL,20260713,14.6,14.81,14.56,14.74,3514643
TCO,20260713,2.6,2.6,2.6,2.6,0
TD1,20260713,0.063,0.063,0.063,0.063,1714
TDO,20260713,0.08,0.08,0.08,0.08,0
TEA,20260713,8.81,9.15,8.74,9.07,505750
TECH,20260713,115.28,115.28,113.04,113.72,6928
TEE,20260713,0.037,0.037,0.037,0.037,0
TEG,20260713,0.001,0.001,0.001,0.001,0
TEK,20260713,0.098,0.098,0.098,0.098,3321
TEM,20260713,0.004,0.004,0.004,0.004,4310
TER,20260713,0.07,0.07,0.068,0.069,1725826
TET,20260713,0.245,0.27,0.22,0.225,706176
TFL,20260713,0.005,0.005,0.005,0.005,0
TG1,20260713,0.023,0.025,0.023,0.025,1714001
TG6,20260713,0.19,0.195,0.19,0.195,70794
TGF,20260713,2.56,2.56,2.5,2.51,54289
TGH,20260713,0.018,0.018,0.018,0.018,60
TGM,20260713,0.19,0.19,0.185,0.185,36495
TGN,20260713,0.23,0.23,0.225,0.225,780035
THL,20260713,2.44,2.44,2.44,2.44,100
THR,20260713,0.009,0.01,0.009,0.01,32259
TIA,20260713,0.17,0.17,0.17,0.17,0
TIO,20260713,0.1,0.1,0.1,0.1,0
TIP,20260713,1.2,1.2,1.19,1.19,656
TKM,20260713,0.115,0.115,0.1075,0.11,1325319
TLC,20260713,5.48,5.56,5.48,5.56,3465041
TLG,20260713,0.25,0.255,0.245,0.245,268052
TLM,20260713,0.066,0.066,0.058,0.059,89937
TLS,20260713,4.91,4.99,4.91,4.98,20457099
TLX,20260713,16.05,16.32,15.83,15.99,1073274
TM1,20260713,0.235,0.24,0.225,0.225,1245369
TMB,20260713,0.034,0.034,0.034,0.034,0
TMK,20260713,0.1375,0.14,0.1375,0.14,12606
TML,20260713,0.047,0.047,0.047,0.047,0
TMS,20260713,0.0075,0.008,0.007,0.007,6846239
TMX,20260713,0.003,0.003,0.003,0.003,3230555
TNC,20260713,0.425,0.425,0.4,0.425,171459
TNE,20260713,30.8,30.9,30.18,30.5,500840
TNY,20260713,0.08,0.08,0.08,0.08,0
TOK,20260713,1.2,1.22,1.2,1.205,17123
TOLL,20260713,27.27,27.27,27.27,27.27,11529
TON,20260713,0.004,0.004,0.004,0.004,0
TOP,20260713,0.54,0.545,0.54,0.545,89661
TOR,20260713,0.23,0.23,0.22,0.22,336256
TOT,20260713,0.41,0.41,0.41,0.41,117
TOU,20260713,0.002,0.002,0.002,0.002,6315894
TPC,20260713,3.45,3.45,3.45,3.45,0
TPG,20260713,3.64,3.65,3.595,3.62,1296585
TPW,20260713,5.53,5.61,5.33,5.35,506243
TR2,20260713,0.3,0.3,0.29,0.29,13892
TR8,20260713,0.019,0.02,0.019,0.02,973280
TRA,20260713,7.03,7.03,7.03,7.03,0
TRE,20260713,0.35,0.35,0.35,0.35,0
TRI,20260713,0.019,0.019,0.018,0.018,110384
TRJ,20260713,0.3,0.3,0.29,0.29,16244
TRM,20260713,0.048,0.048,0.048,0.048,0
TRP,20260713,0.12,0.12,0.11,0.11,27181
TRU,20260713,0.013,0.013,0.013,0.013,0
TSK,20260713,0.085,0.085,0.085,0.085,0
TSL,20260713,0.008,0.008,0.007,0.007,126123
TSO,20260713,0.86,0.86,0.835,0.84,23499
TSR,20260713,0.025,0.025,0.025,0.025,11100
TTM,20260713,0.66,0.675,0.66,0.67,76117
TTT,20260713,0.205,0.21,0.195,0.195,1364150
TTX,20260713,6.44,6.67,6.37,6.6,33281
TUA,20260713,2.32,2.34,2.28,2.32,957158
TVL,20260713,0.059,0.059,0.059,0.059,79616
TVN,20260713,0.335,0.34,0.325,0.33,1113509
TWD,20260713,2.49,2.49,2.44,2.45,16455
TWE,20260713,4.55,4.59,4.51,4.53,1992886
TWL,20260713,0.155,0.155,0.155,0.155,0
TWR,20260713,1.54,1.58,1.53,1.54,34283
TXR,20260713,0.005,0.005,0.005,0.005,2198640
TYR,20260713,0.82,0.83,0.795,0.805,408910
TYX,20260713,0.003,0.003,0.003,0.003,54000
TZL,20260713,0.028,0.028,0.026,0.027,328047
TZN,20260713,0.021,0.021,0.021,0.021,0
U100,20260713,16.6,16.6,16.32,16.35,57323
UBI,20260713,0.014,0.014,0.014,0.014,0
UBN,20260713,0.65,0.65,0.65,0.65,0
UCM,20260713,0.012,0.012,0.012,0.012,0
ULTB,20260713,86.64,86.64,86.64,86.64,1
UM1,20260713,0.09,0.09,0.09,0.09,0
UMAX,20260713,26.6,26.82,26.6,26.63,3678
UNI,20260713,7.65,7.76,7.51,7.54,89798
UNT,20260713,0.012,0.012,0.011,0.011,661011
UOS,20260713,0.7,0.7,0.7,0.7,0
URAN,20260713,16,16,15.57,15.57,3574
URF,20260713,0.155,0.155,0.155,0.155,1862388
URNM,20260713,10.23,10.24,10.02,10.02,163290
US10,20260713,49.54,49.54,49.45,49.45,2
USC,20260713,0.017,0.017,0.016,0.016,233003
USD,20260713,14.63,14.66,14.63,14.64,925
USHY,20260713,9.91,9.96,9.8,9.9,12206
USIG,20260713,9.19,9.19,9.17,9.17,358
USL,20260713,0.66,0.665,0.635,0.645,1361266
USM,20260713,0.01,0.01,0.01,0.01,0
USTB,20260713,8.78,8.78,8.76,8.76,29774
UTIP,20260713,25.49,25.53,25.49,25.53,2665
UWC,20260713,0.055,0.055,0.05,0.05,171652
UYLD,20260713,10.78,10.84,10.61,10.61,7073
V1AC,20260713,2.76,2.77,2.75,2.77,613245
V500,20260713,56.05,56.14,55.9,55.94,18809
V5AH,20260713,55.28,55.28,55,55,2426
VACF,20260713,51.04,51.09,51.04,51.04,14986
VAE,20260713,112.41,112.41,108.77,109.08,26758
VAF,20260713,45.4,45.45,45.38,45.38,103641
VAL,20260713,0.2,0.205,0.2,0.2,89616
VAP,20260713,91.78,92.31,91.46,91.87,30354
VAR,20260713,0.0045,0.0045,0.0045,0.0045,6
VAS,20260713,109.11,109.41,108.68,109.11,267605
VAU,20260713,4.77,4.95,4.75,4.91,5687400
VBAL,20260713,20.31,20.31,20.31,20.31,280
VBC,20260713,0.18,0.1825,0.175,0.1825,81111
VBLD,20260713,77.33,78.21,77.33,78.03,23849
VBND,20260713,39.35,39.35,39.25,39.25,778100
VBS,20260713,0.175,0.175,0.175,0.175,20034
VBTC,20260713,18.8,18.8,18.21,18.3,38179
VBX,20260713,0.48,0.52,0.475,0.475,59133
VCF,20260713,36.52,36.54,36.46,36.52,9107
VCX,20260713,2.65,2.67,2.63,2.65,6752637
VDAL,20260713,57.81,57.92,57.6,57.64,21357
VDBA,20260713,59.93,59.94,59.71,59.74,18884
VDCO,20260713,54.92,54.92,54.7,54.81,4036
VDGR,20260713,67.97,68.05,67.71,67.73,36130
VDHG,20260713,76.15,76.28,75.86,75.94,62581
VDIF,20260713,53.1,53.21,53.07,53.19,2831
VEA,20260713,2.28,2.34,2.26,2.33,4612449
VEE,20260713,0.55,0.55,0.53,0.55,10351
VEFI,20260713,42.43,42.44,42.36,42.36,1395
VEN,20260713,0.002,0.002,0.002,0.002,272709
VEQ,20260713,90.43,90.43,89.62,89.78,17171
VESG,20260713,119.5,120,118.8,119,52154
VETH,20260713,67.9,67.91,67.61,67.79,6211
VEU,20260713,119.92,120.3,118.23,118.48,77229
VFX,20260713,0.06,0.074,0.06,0.066,490510
VFY,20260713,2.9,2.91,2.71,2.75,83305
VGAD,20260713,129.24,129.66,128.65,128.78,59700
VGB,20260713,45.89,45.98,45.89,45.92,45295
VGE,20260713,95.99,95.99,93.89,95.04,35262
VGL,20260713,2,2,1.88,1.88,31325
VGN,20260713,2.94,2.96,2.86,2.91,626618
VGRO,20260713,20.26,20.26,20.22,20.22,17850
VGS,20260713,161.15,161.53,160.69,160.82,149701
VHGR,20260713,20.4,20.4,20.3,20.3,130
VHL,20260713,0.012,0.012,0.0105,0.012,2794173
VHM,20260713,0.265,0.265,0.25,0.25,355698
VHY,20260713,83.1,83.45,83.05,83.39,212575
VIF,20260713,35.87,35.87,35.78,35.78,27868
VIG,20260713,0.041,0.041,0.041,0.041,0
VIHY,20260713,54.85,54.85,54.71,54.73,4379
VISM,20260713,76.09,76.24,75.73,75.82,23694
VIT,20260713,0.028,0.028,0.028,0.028,151500
VKA,20260713,0.011,0.011,0.01,0.01,2284805
VLC,20260713,90,90.31,89.825,90.29,2162
VLS,20260713,2.5,2.5,2.45,2.45,21852
VLUE,20260713,38.12,38.12,36.62,36.7,39419
VMC,20260713,0.24,0.25,0.24,0.24,93291
VMIN,20260713,61.75,61.75,61.45,61.45,559
VML,20260713,0.105,0.105,0.105,0.105,16380
VMM,20260713,3.34,3.34,3.07,3.12,1037449
VMS,20260713,0.084,0.084,0.084,0.084,34544
VMT,20260713,0.12,0.12,0.115,0.12,124374
VNGS,20260713,3.84,3.84,3.82,3.82,13859
VNL,20260713,0.053,0.054,0.05,0.052,235192
VNT,20260713,5.99,6,5.88,5.92,1826869
VOLT,20260713,7.33,7.33,7.33,7.33,0
VPR,20260713,0.12,0.12,0.12,0.12,5851
VR1,20260713,0.024,0.024,0.022,0.022,2041027
VR8,20260713,0.013,0.015,0.013,0.014,182102
VRC,20260713,0.0055,0.0055,0.0055,0.0055,0
VRL,20260713,0.014,0.014,0.014,0.014,60009
VRS,20260713,0.054,0.054,0.054,0.054,275005
VRX,20260713,0.036,0.036,0.035,0.035,26513
VSL,20260713,4.75,4.96,4.75,4.92,63299
VSO,20260713,71.8,71.8,70.7,70.95,39511
VSR,20260713,0.027,0.028,0.027,0.027,1111193
VTA,20260713,0.031,0.031,0.031,0.031,0
VTEK,20260713,65.1,65.56,64.2,64.58,5811
VTKH,20260713,64.28,64.28,62.88,62.88,6250
VTM,20260713,1.58,1.59,1.525,1.535,146078
VTS,20260713,535,536.41,534.23,535.21,10145
VTX,20260713,0.1,0.105,0.1,0.1,48405
VUL,20260713,2.88,2.9,2.7,2.74,3146354
VVA,20260713,1.5,1.53,1.45,1.53,38414
VVLU,20260713,78.92,79.16,78.86,79.05,34415
VYS,20260713,0.95,0.99,0.93,0.95,597052
W2V,20260713,0.061,0.061,0.059,0.06,271415
WA1,20260713,12.4,12.4,11.66,11.78,330572
WAA,20260713,1.09,1.14,1.09,1.11,1403819
WAF,20260713,2.81,2.845,2.76,2.84,2128845
WAG,20260713,0.56,0.56,0.56,0.56,0
WAK,20260713,0.006,0.006,0.006,0.006,0
WAM,20260713,1.565,1.565,1.55,1.56,715235
WAR,20260713,1.105,1.11,1.1,1.1,22857
WAT,20260713,5.01,5.01,5,5,3746
WAU,20260713,0.018,0.0185,0.018,0.018,2169381
WAX,20260713,1.045,1.06,1.045,1.06,30581
WBC,20260713,36.5,36.9,36.4,36.9,2798586
WBCPJ,20260713,101.61,101.74,101.6,101.7,9285
WBCPK,20260713,105.34,105.42,104.78,104.8,5493
WBCPL,20260713,103.86,104.34,103.86,103.9,6710
WBCPM,20260713,106.04,106.71,105.99,106.4,10808
WBND,20260713,49.48,49.48,49.4,49.4,23337
WBT,20260713,7.6,7.82,6.94,7,1902016
WC1,20260713,0.016,0.016,0.016,0.016,339517
WC8,20260713,0.465,0.475,0.45,0.47,2757335
WCE,20260713,0.115,0.115,0.11,0.11,155662
WCMQ,20260713,10.53,10.58,10.45,10.49,36022
WCN,20260713,0.016,0.0165,0.016,0.016,5742147
WDIV,20260713,21.5,21.5,21.1,21.12,42996
WDMF,20260713,54.84,55.02,54.68,54.76,58543
WDS,20260713,29.3,29.45,29.07,29.32,3702182
WEB,20260713,2.63,2.635,2.52,2.56,1995660
WEC,20260713,0.185,0.19,0.18,0.18,16784
WEL,20260713,0.002,0.002,0.002,0.002,0
WEMG,20260713,29.2,29.24,28.95,28.99,4205
WES,20260713,90.1,91.4,89.76,91.32,1375655
WGB,20260713,2.23,2.23,2.17,2.2,299110
WGN,20260713,4.2,4.27,4,4.23,567877
WGR,20260713,0.12,0.12,0.11,0.11,343584
WGX,20260713,4.7,4.71,4.63,4.67,1353457
WHC,20260713,7.43,7.58,7.385,7.54,5535390
WHF,20260713,4.71,4.83,4.71,4.81,58873
WHFPA,20260713,1,1,1,1,0
WHI,20260713,1.305,1.32,1.305,1.315,250387
WHK,20260713,0.004,0.004,0.004,0.004,0
WIA,20260713,0.535,0.54,0.47,0.47,1012230
WIN,20260713,0.017,0.018,0.017,0.017,610443
WIRE,20260713,21.77,21.81,21.28,21.28,151197
WJL,20260713,0.415,0.42,0.405,0.405,778423
WLE,20260713,1.4,1.4,1.375,1.375,839427
WMA,20260713,1,1,0.97,0.975,210150
WMG,20260713,0.185,0.185,0.18,0.18,7500
WMI,20260713,1.46,1.47,1.455,1.46,152703
WMX,20260713,1.7,1.72,1.695,1.695,256296
WNR,20260713,0.007,0.007,0.007,0.007,0
WNX,20260713,0.055,0.055,0.055,0.055,285
WOA,20260713,0.01,0.01,0.009,0.009,295744
WOR,20260713,10.76,10.85,10.56,10.6,1502208
WOT,20260713,0.55,0.55,0.55,0.55,493
WOW,20260713,39.73,39.99,39.52,39.84,1992622
WPR,20260713,2.45,2.46,2.43,2.43,1428962
WQG,20260713,2.04,2.06,2.01,2.01,85949
WRK,20260713,0.089,0.089,0.0845,0.088,2144629
WRLD,20260713,23.94,23.95,23.8,23.8,464
WRX,20260713,0.022,0.022,0.022,0.022,85407
WSI,20260713,0.061,0.061,0.061,0.061,0
WSR,20260713,0.007,0.007,0.007,0.007,0
WTC,20260713,34.12,34.55,32.9,33.32,1544782
WTL,20260713,0.14,0.14,0.14,0.14,0
WTM,20260713,0.475,0.5,0.46,0.485,1838204
WTN,20260713,2.2,2.2,2.2,2.2,0
WVOL,20260713,45.6,45.73,45.52,45.61,3144
WWG,20260713,0.29,0.29,0.29,0.29,15099
WWI,20260713,0.41,0.41,0.39,0.39,512501
WWWW,20260713,14.72,14.72,14.72,14.72,2400
WXHG,20260713,28.47,28.52,28.46,28.5,19343
WXOZ,20260713,50.44,50.44,50.09,50.09,1107
WYNC,20260713,25.79,25.79,25.72,25.72,2038
WYX,20260713,0.032,0.032,0.032,0.032,0
WZR,20260713,0.019,0.019,0.019,0.019,17945
X2M,20260713,0.006,0.006,0.005,0.005,2320969
XAF,20260713,8611.2,8633.8,8590.6,8632,200257122
XALG,20260713,10.37,10.37,10.37,10.37,3785
XAO,20260713,9003.7,9021.1,8964.7,9003,915893582
XARO,20260713,25.16,25.17,25.1,25.1,7738
XASG,20260713,7,7,6.96,6.96,629
XAT,20260713,8810.7,8829.7,8775.9,8815.9,578092179
XDJ,20260713,3952,3986.5,3944.9,3985.8,10995883
XEC,20260713,2938.7,2938.7,2883.7,2893.5,289887339
XEJ,20260713,9824.2,9949.7,9817.4,9889,49929823
XEN,20260713,0.003,0.003,0.003,0.003,0
XF1,20260713,0.066,0.066,0.061,0.061,197152
XFJ,20260713,9586.8,9651,9561.9,9651,60744222
XFL,20260713,8615,8635.6,8591,8632.7,200257122
XGD,20260713,15627,15627,15256.1,15330.2,126144213
XGL,20260713,0.009,0.009,0.009,0.009,97703
XGOV,20260713,50.11,50.13,50.07,50.12,6179
XHJ,20260713,26806.3,26928,26511.6,26642.4,41725353
XIJ,20260713,1810.7,1810.7,1753.9,1765.7,7232367
XJO,20260713,8806,8823.2,8769.8,8808.5,572930513
XJR,20260713,7358.6,7379.4,7265,7326.4,248167575
XKO,20260713,8741.3,8758.4,8704.1,8741.7,690348152
XMD,20260713,11154.8,11156.8,11045.6,11079.8,158161574
XMET,20260713,14.19,14.24,13.95,13.97,19421
XMJ,20260713,22997.4,23046.8,22670.1,22848.7,207625509
XMM,20260713,7908.5,7924.9,7791.2,7858.3,249627231
XNJ,20260713,8350,8355.2,8321,8335.7,78257231
XPD,20260713,0.023,0.023,0.021,0.021,6053311
XPJ,20260713,1669,1679.6,1663.7,1669.7,56184833
XPN,20260713,0.01,0.01,0.01,0.01,400000
XRA,20260713,0.23,0.23,0.23,0.23,0
XRE,20260713,3587.1,3609.1,3574.9,3587.2,0
XRF,20260713,1.79,1.79,1.74,1.74,66677
XRG,20260713,0.068,0.068,0.068,0.068,583
XRO,20260713,71.5,72.89,69.57,70.24,675170
XSJ,20260713,13251.7,13251.7,13045.6,13131.5,15964961
XSO,20260713,3392.7,3398.9,3356,3367.6,331929456
XST,20260713,0.0135,0.014,0.0135,0.014,1250000
XTJ,20260713,1597.6,1612.3,1597.6,1611.8,38725175
XTL,20260713,5114.4,5135.2,5107,5135.2,75802739
XTO,20260713,7395.6,7410.9,7368.8,7402.3,358418696
XTX,20260713,3030.7,3030.7,2972.8,2984,39665581
XUJ,20260713,9400.8,9400.8,9158.7,9247.5,5545156
XX20,20260713,1.27,1.27,1.27,1.27,780
XXJ,20260713,10692.5,10764.1,10664.8,10764.1,60744222
XYZ,20260713,112.18,112.22,110.08,110.26,50655
YAL,20260713,5.47,5.47,5.29,5.41,3409353
YANK,20260713,10.64,10.65,10.63,10.63,459
YAR,20260713,0.007,0.007,0.006,0.006,1066555
YMAX,20260713,7.42,7.46,7.42,7.43,62682
YOJ,20260713,0.28,0.29,0.275,0.28,158927
YOW,20260713,0.014,0.014,0.014,0.014,0
YRL,20260713,0.2,0.2,0.2,0.2,0
YUG,20260713,0.056,0.056,0.056,0.056,0
ZAG,20260713,0.033,0.033,0.033,0.033,11591
ZEO,20260713,0.074,0.077,0.074,0.076,1060719
ZEU,20260713,0.007,0.007,0.007,0.007,1337
ZGL,20260713,0.115,0.115,0.115,0.115,15000
ZILR,20260713,4.52,4.52,4.52,4.52,0
ZIM,20260713,13.3,13.36,13.06,13.1,6367
ZIP,20260713,3.15,3.17,2.98,3.04,11584073
ZLD,20260713,0.5,0.5,0.5,0.5,0
ZMI,20260713,0.015,0.015,0.014,0.014,8982196
ZMM,20260713,0.004,0.004,0.004,0.004,0
ZNC,20260713,0.088,0.088,0.084,0.085,653482
ZNO,20260713,0.055,0.057,0.055,0.057,3180
ZYAU,20260713,10.15,10.21,10.15,10.21,2353
ZYUS,20260713,14.8,14.94,14.79,14.91,37726